year,Uganda,Nigeria,Rwanda,Senegal,Ethiopia,Algeria,Egypt,South Africa,Morocco,Ghana,Brazil,Colombia,Paraguay,Guatemala,Haiti,Canada,United States,Chile,Argentina,Panama,Philippines,Bangladesh,India,Nepal,Pakistan,China,Singapore,Japan,Malaysia,Thailand,Hungary,Romania,Serbia,Bulgaria,Ukraine,Switzerland,Norway,Iceland,Denmark,Sweden,Oman,Jordan,Lebanon,Iraq,Yemen,United Arab Emirates,Israel,Bahrain,Qatar,Saudi Arabia,Australia,New Zealand,Palau,Kiribati,Marshall Islands,"Micronesia, Federated States of",Nauru,Samoa,Solomon Islands,Tonga,gdp_per_person
1985,234.276502777526,868.640540548893,271.578979038705,571.417166069201,243.897382584019,2632.51711109075,769.755137148666,1839.4841908184,673.2900390625,329.714604937014,1556.1297180511,1192.21877479377,934.991981806694,1238.47545209176,324.575156092964,14170.1249406067,18236.8277265009,1429.38850950802,2905.77565536137,2972.18070666064,633.211065310196,222.22018039634,300.928258576378,149.900453418882,317.063499386432,294.45884850496,7001.7667477117,11809.4603450715,2045.57471772113,773.823923674613,2013.43352195314,1658.75873899995,2349.40645150289,1914.55064658793,1244.04125976563,17152.0948495991,15753.5527652129,12361.1870365183,12212.7873997293,13647.2005587291,7548.69588410284,1797.02877146361,959.153901867443,3087.66394151806,910.422465960748,29467.5419758929,6816.3848781637,9648.65643032674,16815.0419632835,12745.41992535,11441.5819707185,7600.56524172937,3728.1295295149,392.905065394709,1162.01901432695,1136.27633295061,4858.93351745825,572.806387713236,586.02235220521,612.943575629463,2597.13850119074
1986,253.643058810817,628.248453718536,297.725981822308,783.940524706279,245.977228769295,2800.20270812187,790.201793698565,2027.4662038189,855.169311523438,410.711658388611,1854.03775211919,1169.46212069392,1031.15623781062,896.063263473632,366.997344256492,14521.1800806,19071.2271949295,1501.09140673487,3436.07819471053,3019.48150533575,600.002843935462,212.14899385306,314.897116402542,159.545682806044,313.946324043906,281.928120911563,6799.93036332671,17451.8349394142,1759.73185736702,842.098436226451,2323.23864322732,1658.75873899995,2349.40645150289,2260.4272811545,1244.04125976563,24459.8536348433,18883.2333523873,16406.04794507,17136.6297376226,17955.1571459902,5181.87980290561,2200.10278230881,959.153901867443,2940.40623181091,910.422465960748,23132.0739675988,8320.4734890676,7776.95657736318,13213.2093617769,10078.2896080512,11392.0043948477,9427.55394035348,4143.56203650884,381.918758641144,1425.16418062414,1216.15763119676,4568.67887653491,604.257418815764,505.821806525665,695.805077185729,2892.2127049568517
1987,392.97074320479,587.956613434089,319.643663252334,916.09484148409,254.121329421554,2847.0776691988,753.722263747615,2586.27423314228,937.457153320313,355.153724919203,2006.00226235757,1192.58828638182,1068.95380287336,853.903772501246,317.635520687503,16377.6902109541,20038.9410992658,1739.67699102776,3477.30131979313,2966.00967866653,649.812857590607,231.499584520483,344.941028293075,162.036906898913,317.23867416111,251.811956961329,7539.02930212443,21141.7183951789,1977.1290866202,970.452522513385,2557.60366681372,1658.75873899995,2349.40645150289,3132.30136036246,1244.04125976563,30440.5108240499,22505.8622623684,22453.1882283809,21295.6768566078,21761.2144545083,5203.99994065839,2216.87045179385,959.153901867443,3436.4763126353,910.422465960748,23112.623420646,9835.69004057827,8332.91425406054,13718.7911520477,9385.98469519899,11651.3301169821,12330.9168305483,4616.29028882378,423.822473332128,1542.64230430097,1230.44156720509,4484.50814586951,666.308337309081,514.6693332731,830.153019585043,3143.610252844311
1988,395.187660960924,539.539468397166,343.781325819105,880.487755138196,253.248262470167,2450.87242078961,633.839369496566,2702.05504774508,1086.03527832031,355.121844932881,2140.65027561164,1259.6174112078,1113.89406863138,919.070773138882,397.365336276412,19012.5723278349,21417.0119305191,2003.36350407516,3992.70330179156,2508.78229277879,722.343718454247,247.901465967332,358.484539641693,187.084777621975,353.85454278549,283.537695240524,8914.44122574729,25499.8811728107,2099.95467656701,1164.20096229495,2803.06398657229,1753.19285632198,2349.40645150289,2511.39306259489,1444.248046875,32690.4302734561,24207.281468963,24451.9733172334,22524.5792595476,24499.4053182958,5279.10411437183,1965.98031813995,959.153901867443,3707.20841763297,910.422465960748,21569.7068852997,11831.6680266533,8771.7853534009,14682.0218472004,9165.49615323397,14284.960791833,13759.1556295922,5145.00614544213,535.915134580045,1670.28189314997,1284.2827275817,5011.58031484611,790.134992313838,567.022935580171,1077.6835915018,3453.2462659582866
1989,310.186025249445,465.488089532188,334.741963422255,848.555548058968,256.386475306315,2247.4602712492,701.037717929191,2726.70980679488,1091.27624511719,349.964941914982,2818.99277980122,1244.3269459081,1211.29634333964,958.427471156263,407.498708064211,20794.682233334,22857.1544330056,2265.35937681769,2374.57321551641,2462.11022455924,791.864324425833,263.005720827547,349.915155021864,184.975416457251,357.595796105007,310.8819124049,10394.5389962406,25265.9487590208,2243.60219599914,1341.72978395303,2892.96729614731,1789.64455528113,2349.40645150289,2477.0208179596,1593.07861328125,31308.6508343136,24281.1304051396,22434.3467683494,21882.1517463842,25625.3103686166,5591.22723847558,1260.2518650001,771.001121245521,3791.17027583399,910.422465960748,23166.7305903787,11586.8023266158,8833.41134256929,15242.5068904961,9413.58119352769,17834.4526910252,13312.3855858113,5741.0868517899,514.652948165033,1670.21520671775,1365.61518337828,5722.7674219742,728.151128858805,538.101762870503,1069.83546760253,3576.3897333201417
1990,244.987168126806,556.376449130902,345.773495134655,957.314337438177,262.108971053707,2445.18332740258,735.982935028025,3093.48920352334,1229.07104492188,382.54246368354,3117.73534721624,1474.8455285342,1440.15829610029,847.688561830359,451.720249689216,21525.8611387148,23888.6000088133,2466.13014237644,4315.33329358672,2620.13827266274,803.572588255813,283.053737055234,371.085936203765,185.794600449903,344.45547384189,317.884673040928,11861.7561591366,25801.3950393094,2468.69080320116,1559.11209344755,3312.69823800526,1648.48522974542,2349.40645150289,2366.52982128614,1563.63415527344,39574.5398083788,28242.981402822,25384.9150226302,26885.6994188191,30549.6692751763,7545.70305230441,1148.59005469899,789.526338484738,10261.4157706888,910.422465960748,26709.993440327,13284.3794576924,9342.53891401688,16721.6207714589,11054.7495049666,18249.3014538169,13663.0216184298,6402.929615309,488.067527876014,1758.40820990836,1459.04369201491,5775.55347423089,743.994213008355,648.325212624098,1139.0553819198,3785.919847537261
1991,182.955897348348,596.938795710722,253.966902025944,913.399575796737,277.565910365091,1759.11201648229,622.829605007867,3243.23616023953,1292.23376464844,418.254121349986,2257.6092968885,1499.71104164399,1685.26890082621,1014.40279682682,496.545987433864,21846.7930471354,24342.2589048189,2770.07964567151,5709.24784079504,2820.54547665418,804.323330530547,272.064948495878,305.574055928592,195.716621410462,380.019843346229,333.142145400184,14502.3799938606,29428.4289039469,2679.20101106745,1765.62267359529,3350.25832349229,1254.3124421298,2349.40645150289,1267.73437541485,1482.6396484375,39544.4946826768,28596.9330036444,26802.9895156678,27002.8057705804,31777.0327994132,6977.3285922345,1109.65564611997,1278.42125745633,22.9521327615352,1016.30223044813,25690.9686321448,14320.2831935277,10434.1323962786,15133.4969397069,11847.1699534218,18859.9074576986,12230.0734548834,6824.34353785065,540.125608893654,1810.63465589888,1617.45528154622,5333.37954889626,741.563963808482,665.833104132659,1323.40098550339,3846.4741287793404
1992,152.113542415537,508.515905682785,264.083914517464,951.204960087807,207.406400863847,1802.69300801289,680.79923864551,3462.39400202835,1327.02954101563,396.426407640517,2127.31642731638,1729.66397332384,1682.67444777611,1096.45976992698,316.276513134354,20950.3305287651,25418.9907763319,3309.39923858023,6789.99611136495,3139.89952899581,916.515694532029,273.465072520272,319.182472626315,165.02959412726,395.67720859593,366.460692306116,16136.2405377661,31992.7902119161,3141.43321987651,1971.60879910694,3735.10582034276,1102.10378473246,2349.40645150289,1211.98087810931,1413.24011230469,40713.6881521435,30523.9850558974,27124.2745379594,29579.4913648682,32753.8047025569,7317.78815838166,1286.6347360596,1559.38100628446,30.2539012636825,1198.13031674085,25648.2727760844,15482.1005731603,10460.1583222808,16280.2938815273,11730.2687665244,18624.1877335866,11793.1392416214,6552.7112389768,791.996422129169,1963.07234629646,1699.3301910196,5102.59685913907,776.740824409711,763.857968549522,1370.36142598699,4021.8937427953288
1993,165.616476211716,539.573202297542,247.023318476014,877.52900343803,168.520401400989,1831.04800976449,740.334217356418,3399.64009566241,1226.43054199219,359.800844097528,2348.88247685352,1930.05976548029,1661.70955306218,1165.67442716224,258.066372258817,20186.7988782965,26387.2937338171,3494.9946093213,6931.85596375876,3358.41411740053,918.642953796961,280.757274450366,302.884806246174,172.805202579767,407.888140688466,377.3898394789,18290.130113185,36345.2441262708,3461.99504214189,2245.13688708983,3873.98772279767,1158.05632799712,2349.40645150289,1278.52511370319,1254.02868652344,39237.1186558781,27963.6979095744,23579.7953612417,27581.7241097459,24390.1538004271,7038.9301587736,1289.4145431007,2078.63864215562,53.7437842348819,1396.61544419009,25032.7822702907,15151.5446328935,11151.871495742,14769.7193322522,10884.8607880777,17699.8764915704,13094.3454502639,5891.50378695334,747.753427083185,2112.01240099378,1853.06259690284,4310.24433298623,774.988631552282,828.869997791691,1383.47386584881,4189.762706502286
1994,198.441987998795,744.884247151377,110.953668251372,583.782776032181,127.685923459033,1525.54061760288,807.303537230487,3488.59711541763,1358.79443359375,320.50390343252,3298.71250747787,2325.97557339326,1760.28807083292,1292.67202750483,292.134224374091,19997.6237373354,27694.853416234,3981.39018913528,7437.56242327594,3508.19570069218,1059.9838951587,280.603031791216,347.73421473994,187.258176246151,399.955927561352,473.489916407064,21552.4100366948,39933.5150564874,3757.65292858601,2517.70732641683,4173.37302405441,1323.03237766927,2349.40645150289,1148.4943993817,1009.09356689453,43091.7770970073,29315.8092337732,24018.6313967189,29967.8303903163,26045.8148927701,7068.38996979073,1367.18721776691,2467.76942720577,198.182101881974,1735.04419543214,25472.6396578979,16776.6124890797,11629.3595219612,14764.8771355222,10601.9196697805,18129.6353064456,15280.3127842922,6329.06976744186,837.972073850342,2265.0695841717,1856.5207426083,3920.53972987914,1276.85021574897,1078.0410925874,1956.66161136786,4500.43282725855
1995,278.520835668767,1271.61617353199,227.971147849318,714.994396357297,136.523619088963,1466.94806760415,916.326617700876,3855.6340871567,1466.78820800781,371.537243033836,4756.74840785403,2583.34991436018,1978.71514099575,1421.06177809796,372.006104665125,20679.634792669,28690.8757013347,5055.61406223303,7357.6162773788,3513.89737854631,1199.84171414993,309.458680823367,375.17600537305,197.843001330326,450.550279346206,609.604337927454,24914.8507020358,44197.6191013908,4363.14458333034,2864.36515719866,4494.70762405948,1650.04922365201,2349.40645150289,2259.25922555221,933.191772460938,50113.8321221345,34875.7043347536,26633.5913761549,35321.0980773087,30254.2972932631,7414.30279204109,1415.71151592128,2958.74263957462,619.135530927038,764.414656090937,27003.2006807782,18991.4711694457,11900.9317778335,15822.5090711554,10786.4008952769,20448.1219685874,17400.4201848172,7038.00523407967,844.429294097904,2490.98744457796,2010.11793522635,3932.0910939209,1288.10473321401,1220.17919311126,2084.02781298216,4897.1333799785025
1996,284.698259285733,1632.72469370276,206.04911417485,723.469950081149,147.327458851964,1616.83198721285,1008.97637629447,3617.55336002932,1596.83239746094,389.271267898831,5179.13052002464,2664.45625558215,2088.17109102236,1481.05986750672,377.229465025972,21296.9723536904,29967.7127181749,5333.50438724772,7663.21271287469,3308.18429574276,1311.09249403865,371.917937677345,401.046754673579,198.821907435345,456.996961832943,709.415888233368,26232.866096827,39150.0396308089,4837.16897250768,3054.65690806473,4525.03910312241,1633.01064354117,3053.90516860949,1470.19259250682,869.846069335938,48092.6433036512,37321.9741993473,27614.8770273122,35621.9878051732,33022.5649478838,8068.00076784612,1410.17424189419,3393.05090749359,485.258492784825,375.214994663363,28323.1650870532,20180.3770456889,12091.7802188235,17124.7920861356,11471.5045960191,22021.7839065228,18794.436039393,7788.29726974057,985.885799103975,2272.84469502819,1973.93821696324,3678.56242894634,1419.35849045228,1289.33036923435,2214.91444159434,4897.113840655526
1997,286.846637912964,1720.27540949396,238.749371368214,650.776321407448,143.369531498844,1628.76100561506,1146.20172117634,3700.23554789867,1426.30114746094,377.841935501461,5299.39630404412,2873.20018821653,2078.50841313824,1638.46281851789,425.111085879256,21901.5628548392,31459.1299691554,5741.95842991193,8146.78710021431,3545.97670881078,1273.27604875636,379.284917709635,416.228116203753,211.834869589153,438.030942680153,781.74256121344,26375.8653668113,35638.2319556941,4678.56390058182,2473.14096982086,4596.18262235195,1577.33656023974,3573.50440240049,1361.40938439884,987.489807128906,41584.441782159,36629.0309036621,27919.1854966562,32779.879045297,30324.4510931063,8234.64063759005,1435.87593846863,3834.0590787531,936.341170908421,382.584928722421,27982.7957040564,20432.8376406454,12254.6662583128,20522.8012995179,11545.3455998551,23646.6230457327,17474.187029724,7944.59907223327,953.162777384717,2230.75377088451,1860.30827128593,3661.02846701327,1607.88744330521,1292.23951946469,2135.52136447708,4890.286683376801
1998,292.453037058835,1822.46998452473,246.154673288384,684.588105785786,126.465095781244,1603.36623200836,1212.82259820477,3309.60933087472,1668.49755859375,400.366799508524,5105.89099544117,2605.99938059023,1889.88455618586,1741.20114182856,465.363306259051,21024.5850687045,32853.6725949234,5419.82417295755,8218.99212764682,3807.83869182014,982.865943728564,385.616881752796,413.630864056851,205.075246306069,424.453697798497,828.594691043134,21829.2737831583,32423.7556133801,3294.30978444095,1847.70379269771,4744.21226429639,1852.5549693339,2775.47372982047,1820.44866449942,831.336791992188,42680.5867322391,34803.4634058738,31030.0535989181,33346.4884298957,30605.6227188103,7219.02932432025,1532.11380395602,4124.85527892575,900.937142559106,342.73940747773,24889.4269192279,20157.0966336239,11625.0343768343,17665.4408438222,9836.05729768574,21479.1142020092,14738.4455703918,8047.91621679983,874.484573921122,2254.16054870567,1965.15528340681,2908.84986525428,1506.30359215846,1091.89096889326,1888.83200817891,4810.5460549031095
1999,257.921949601357,480.669363941805,264.74368682977,677.516338727268,120.734631499865,1596.11822239025,1268.30949160496,3242.36830483958,1635.65673828125,403.037326127273,3493.57162513699,2243.64204956242,1766.30657288259,1603.64776144934,509.578585275375,22315.2466731545,34515.3813073394,4933.55581516755,7705.54288252851,3950.34145012809,1101.43515975318,388.095684268235,441.927991436397,208.646667913743,418.249257055367,873.292336318005,21796.6373891001,36610.1683163197,3527.81581379249,2033.24490520569,4793.47852203763,1599.90622808339,2768.91041346166,1659.71861105493,631.910461425781,41695.6912912021,36393.2927471088,32381.6252356488,33426.2381077405,30969.1033509483,7915.44169380534,1544.58750592979,4086.93872789633,1560.36466710272,401.448141660801,25855.8605046587,19782.2869743593,12123.3534715368,20233.6846826643,10452.1899400479,20712.6697805564,15322.2238340267,7629.56986402836,887.495678128225,2257.92000318712,1971.17209885387,2682.69486680046,1416.76915966987,1133.62256531791,1952.14614397736,4948.469223795882
2000,258.050338731086,547.318298903379,251.86926386091,603.233162455158,122.269202606069,1772.92869122761,1366.09274372613,3217.84693448467,1499.107421875,253.746936203344,3766.54811466032,2555.00751039968,1736.11729210765,1648.96578971559,820.600046761464,24271.0020563821,36329.9702595751,5052.99245768719,7637.01489203628,3975.09308659503,1050.79272954492,396.670730249751,442.750218937263,223.830289183078,642.338346499898,959.360431369138,23852.8389514753,39169.3595701504,4083.52874483605,2005.97694514234,4624.28165670295,1659.92904910528,974.725469278615,1621.26210738992,653.294311523438,38865.021939688,38178.2368777076,32096.3722613695,30722.0251837567,29632.7736101599,9753.84755185404,1570.61002940477,3986.83513941026,1980.18916038782,493.235182634814,29865.502347066,21660.840378309,14214.4836839343,27535.182940934,11714.5623675159,21870.4159669594,13641.1027183822,7797.25727395975,845.367556128631,2264.79114897645,2081.9660133519,2648.60152860938,1424.75240002471,953.17190137706,1995.07650349318,5201.863391580379
2001,236.021188853993,566.428231812933,237.308846200901,637.213530563724,118.457204255261,1896.30020878013,1295.1374184163,2847.15191945908,1506.24523925781,263.542156494853,3176.28935747524,2472.99084035833,1637.68615122932,1537.68663578252,748.821159844528,23822.096210932,37133.6203973517,4563.5952986689,7141.47507662826,3991.7767076924,969.530611744453,394.65641001891,450.357900514128,240.795114544664,609.939506905073,1053.11231442789,21699.7414868907,34406.1824638092,3943.79943910239,1889.93432467144,5276.03318905496,1825.19299373184,1812.42088281393,1770.90704918691,800.49072265625,39638.7911061864,38601.897639231,28897.4439396908,30768.4775471112,27259.4806735435,9611.96360191054,1632.29454010563,4009.55929751102,1435.695683789,487.141257946318,27745.1708087672,20907.1143041538,13573.2339887597,25870.7991864314,10805.311325122,19695.7297379144,13882.8568268586,8239.63931376602,718.833757321332,2394.34501105178,2144.5369999555,2232.30874026726,1453.87021324606,911.791935385411,1753.5165946314,5056.088118861754
2002,241.984688408335,712.164852077686,234.043016755733,669.430447319209,109.593813612988,1937.46411413019,1116.82884626213,2688.23676032806,1596.02062988281,297.46164468774,2855.94018885769,2428.92969771584,1367.76506935997,1669.33517469705,720.969568042522,24256.0192337185,37997.7424300242,4430.84741157069,2569.69963519124,4090.58617397129,1014.90879320106,393.886422327628,469.149928973927,238.89140296106,599.937345723927,1148.51425710711,22159.8373710639,32820.7936433254,4184.03163773539,2089.75183111554,6655.33300865319,2119.85509684554,2390.73459447107,2092.98288625558,903.011901855469,42458.7384679187,43170.557174499,32409.2161491753,33257.1622586509,29957.9387652616,9869.13050219438,1706.26744384401,4290.85283803266,1266.15961275094,513.241486570603,27753.6089526346,19034.3175740071,13501.4708801425,27226.6593510117,10586.0543471363,20301.8431713256,16874.1874918196,8340.53735322771,810.108949976176,2566.06708799222,2156.70532157086,2084.64824520971,1527.55790455937,756.890296490792,1759.48033285941,5059.921398570111
2003,250.71543664681,763.388745367223,249.012274982252,817.888034221442,116.800491132777,2283.77299346126,1031.27556291284,4062.21755993786,1941.87255859375,358.39927142073,3090.6070097455,2311.94218760291,1443.99885236205,1722.54701910774,578.995291079709,28301.8645937428,39490.3023903176,4773.40177520754,3320.47775133903,4264.66428846636,1027.2301192843,426.74880754362,544.143133545002,246.429706587633,672.44178669894,1288.63749134336,23730.3840054566,35387.0374203599,4465.32194567208,2347.54001286066,8419.43087098103,2679.40626016154,3153.9011312754,2719.49436859287,1076.48156738281,49335.7456291067,50250.3298214345,39476.6978486684,40519.0974905924,37292.4214343004,10463.5425832141,1775.67625581432,4437.71588507526,817.887862499622,548.905883049973,29659.5428567811,19629.4145135202,14486.0269029822,31602.470865136,11487.220410693,23718.1338501868,21913.7081719961,7862.04283025586,1020.50050169828,2539.3307383954,2185.80309035045,2463.28259078079,1798.12429714048,895.989272661716,1936.0412369244,5428.954443777986
2004,292.38185796262,962.48104194733,269.540446333402,918.102079522155,133.169812538096,2816.99384960555,991.255689145253,5221.46333731721,2183.55541992188,406.132105329565,3663.823188064,2818.57195413044,1786.21533938543,1840.91184884,683.185298155273,32145.5412620217,41724.6411982614,6120.59152052304,4242.02099089422,4644.56582353041,1099.63013023758,455.614016909798,624.258826510066,279.587750044428,771.902247348954,1508.66791560781,27608.080013423,38298.9801712303,4939.24851854427,2641.56268717857,10301.7033946743,3494.99056448955,3597.08798057009,3389.68743360274,1401.01806640625,54659.4571488233,57768.6980958462,47334.9306537723,46625.050098011,42758.2015503417,11800.8507411171,1940.08641342805,4600.68371412993,1328.37157628292,627.632023395762,33376.7152295209,20546.2291718399,15963.9493171617,41035.5008380177,13154.4978989446,30836.7306824685,25420.234882944,8395.13622603431,1083.26858963731,2566.08291015814,2146.40160821979,3040.51349889,2189.26042607992,986.081904026618,2195.44874051102,5937.40378458333
2005,330.405402707025,1211.37703504386,324.016863847189,979.846101520171,158.243458082465,3233.13339634212,1104.80340733395,5836.87663325127,2242.98828125,478.611909191028,4827.78173052472,3456.06610874512,1970.87169852378,2046.46611650758,775.845704056916,36383.6600068095,44123.3996470026,7480.3233099645,5067.65342293276,5017.7410922824,1220.46018559867,480.08585075452,710.488080408949,309.024168339372,827.619861189926,1753.41419160544,29961.3172812732,37812.8950199948,5555.58179951206,2867.70383436062,11223.3993032598,4618.00350802913,3807.97417321786,3899.82596332878,1875.33508300781,56242.8933645639,67047.1704558264,56794.8501588953,48925.8076698784,43378.6152117149,14434.8577924647,2087.87079273635,4602.19804637945,1762.39360423421,734.159908450927,38719.3138307623,21226.7213913393,17966.1657837625,53949.6764091147,15975.7473782258,34479.7679298388,27751.0654708859,9639.65891316414,1161.78372745312,2658.65217893885,2246.45370337127,2992.40382776926,2550.04221437511,1144.45758513252,2477.72640915188,6360.700126944286
2006,346.518255310647,1599.53891556365,356.995022901154,1017.20196747987,189.345737521418,3660.66104745322,1298.97900203124,6077.38293388876,2438.12646484375,906.441027564887,5934.1447107274,3789.85361217027,2439.43124694576,2225.1234753878,828.805700289589,40504.0370977806,46301.9876485519,9318.65655299547,5869.38028970204,5528.76705469354,1426.14649179546,490.388026533289,801.668353659022,340.431796437968,900.873564984808,2099.2194300499,33768.4528234651,35991.546002862,6158.40785533236,3331.32043511773,11489.5608654088,5757.53127301178,4492.7136699046,4523.1465578805,2366.494140625,59011.0324592016,74434.4996835671,57492.9342498703,52119.1787984282,46531.6001120572,16930.8565071853,2342.63459574933,4635.2514117486,2276.55435744086,809.713127624703,44342.6048322482,22502.0722209991,19267.282615072,62582.4453138755,17563.6145370639,36595.7071548423,26654.5932018985,9885.14775685194,1123.19268258743,2754.26988767503,2289.75155559971,2910.14145794684,2663.29135939532,1255.62589099975,2750.34758182988,6765.792717131864
2007,401.389130865581,1815.52697545827,426.234183487629,1188.93877808175,237.146255996319,4167.45169937531,1547.74170735909,6591.85535960564,2755.5859375,1050.12461524926,7409.69130727951,4769.926147194,3211.93621659546,2458.81573919384,984.566983448521,44660.0838892281,48050.227412195,10346.4138184533,7185.25155147027,6317.81730274124,1712.65543282793,537.955492792911,1021.88707706826,385.449767660642,998.090114197524,2693.95873160283,39432.8860198877,35779.0245416427,7168.93031942508,3918.52817434581,13940.9092761999,8360.33775916596,6081.08765700202,5888.77685220636,3160.32763671875,64989.1553256031,85502.2677087731,69495.7267376825,58631.6566433635,53568.5645523213,18792.653772482,2506.20599484139,5125.25809960149,3128.99010329066,890.305768114988,45854.7325158162,25635.926838502,20908.4042548073,65954.3419525051,18596.1502627898,41051.6120652288,32479.9817381467,10408.4343591338,1352.57829954167,2892.28403958874,2336.97852202403,2272.15291307045,3038.61904093377,1390.1569662696,2797.06555185746,7383.861221009747
2008,472.842681495852,2154.10543545364,528.326391755502,1398.79218010021,316.410475118075,5180.91881514686,1896.21594269779,6184.75474328399,3183.20043945313,1182.65761256016,8908.33176567294,5541.83629665898,4384.9546943793,2763.05988172926,1094.66058421644,46710.2526864484,48570.0594269601,10683.2188772853,8944.1102657357,7347.59050324397,1959.29233534978,613.06204104124,992.519584923828,464.817391891529,1067.04324565284,3468.32706307504,40008.5720489092,39876.3039685725,8371.82156086005,4309.13509292986,15772.3300839383,10435.1561230787,7376.73517910716,7271.30338858025,4017.806640625,74175.1927898555,97503.5407803783,56943.3704468563,64616.6657583663,55817.4392710726,26576.779241509,3241.6524135556,5912.04532820842,4542.96609046032,1071.63583282105,50054.1700681803,30176.2865128483,23299.4992780392,80781.4039187792,22320.4888964331,49701.2817843335,31252.9625640673,10582.739754853,1410.62249506033,2817.60522775322,2415.59355952119,3756.84531228766,3373.60639884263,1525.85092434029,3218.45299609309,8040.758616759147
2009,798.947089938247,1820.48633854782,564.039095842449,1308.69404336205,368.574712267445,4235.42990456612,2161.63964573927,6374.70560042992,3119.58862304688,1047.70430093586,8678.65922498836,5250.97292433518,3941.84815479271,2611.64632773352,1196.8528706018,40874.8831932903,47194.9500893872,10098.8017166866,8150.23527028221,7796.92617035048,1864.45043406471,679.211477428056,1094.94974598436,473.078751198621,963.788066395225,3832.2274569094,38926.8054365453,41308.9968370512,7191.43287234626,4135.43986952819,13077.305465178,8548.4543409242,6414.0448463847,6988.27316296465,2607.08764648438,71568.3123885672,80347.5700665184,41301.273219718,58412.7472358513,46707.8673215418,20655.9180249218,3435.8337590698,7090.85493856621,3714.71205987194,969.243509864478,37803.0663738777,28381.6449423376,19465.3140745038,60785.7351551657,17718.3911648365,42816.5674002829,28209.3623271229,10155.4332139612,1316.62734623652,2906.63026970914,2596.26147447595,4410.56764668962,3279.18269477295,1554.70723718073,2914.23790763703,7842.171258147659
2010,823.488144282,2202.25672957344,593.624927744346,1275.88357492357,330.619412798644,4912.78585503672,2455.08194645282,7973.47195771517,3067.9853515625,1263.89251760539,11403.2821284616,6398.2958447102,4750.96273669322,2805.25960237322,1209.72733503094,47560.6666009406,48650.6643227232,12632.8704725219,10260.1313108254,8331.46421351868,2162.91375885614,757.385280361508,1347.51939071367,585.278491984574,987.304571124485,4550.47394356715,47236.683084953,44968.1562349739,8899.34505544675,4973.86288823778,13217.5045951108,8399.5374234284,5970.92660940072,6863.66706774052,3039.63232421875,76531.3729407691,88163.2085931423,43237.0729488958,58104.5445594981,52542.8274141037,23570.1798147325,3718.46571622945,7625.81051551165,4461.75196161555,1155.20305261418,43696.6712597922,31338.5568903917,21819.3291098099,77387.3267885308,22028.3790215788,52144.6654705468,33676.7741239925,10229.0878451837,1522.10110213175,3095.45768964722,2761.24325832248,4735.92000502092,3524.2479246203,1685.15499035363,3416.08358065135,8681.966403021184
2011,835.620060555838,2418.41316975875,651.133677964662,1374.67591873844,343.024942351887,5916.31364364343,2590.64384891965,8646.05571071635,3301.98876953125,1507.43573198753,13396.6243566047,7400.9940695669,5805.40154543044,3168.98370607705,1312.03953552013,52223.8588398531,50065.9789470675,14487.3927827263,12704.2831819684,9662.29592216607,2383.91892526787,837.336944695647,1445.46127486037,785.518656222132,1131.73513834324,5614.38602225277,53891.4570264372,48760.0789494211,10217.1068585031,5373.6232832898,14234.471576937,9560.6755277458,7082.2861666075,7857.16706984441,3656.69799804688,90476.7589651577,101221.813476644,47714.5922308485,61809.737898222,60379.7748160321,25188.0074151885,3946.85503855525,7834.96257108993,5775.54229080293,1186.47500581215,50789.0505418347,34433.822610733,25032.7867743333,103261.506539346,26966.2941648251,62605.600458306,38388.5280906616,11000.879522071,1771.12894481248,3319.39815439151,2890.50493045368,6480.90451339597,3821.50678264479,1924.05277323978,3849.99370811237,9567.885444387826
2012,795.222867553127,2633.19734671361,706.817317494399,1326.83798848379,452.101031885754,6033.64884689543,2996.0677072015,8076.97678479741,3164.17724609375,1543.77524235764,12521.7213530369,8108.59838244229,5642.1699167298,3286.61959336267,1361.39396587374,52670.3447335415,51784.4114692048,15241.9069977366,12949.717486654,11064.8063606203,2614.61644410764,859.680536375497,1429.32199520032,788.202937148377,1204.36475491585,6300.58217951734,55547.5553077786,49145.2804308193,10600.5744240026,5725.52802835463,12984.8365730133,8929.95366231474,6263.04086072815,7430.7373804242,3951.34228515625,85836.2076767359,102175.919298374,45995.5478789467,58443.7747103968,57749.8251328664,24642.2978768596,4169.50470054618,8406.98405608118,6477.59618450955,1245.05068272078,52034.4762466073,33236.5731239421,26438.6733230428,108470.378825036,28348.5730107499,68072.8732340801,39974.2997334925,12145.3644807205,1843.55346948038,3514.26515490383,3033.16989526369,9817.36872216004,3934.60320799981,2066.25352289833,4384.17058321549,9875.220793267905
2013,818.285427416713,2872.79083379398,704.924190167572,1379.83196553924,484.039833104062,5979.60138960585,3025.52563552448,7331.65467384919,3379.7431640625,2294.025645187,12458.891214816,8279.10255642981,6435.68342733182,3444.15971843874,1457.83221179626,52638.1187235237,53409.7507774372,15683.54863663,12963.675773326,12273.3225037637,2781.27957670473,958.262989798283,1432.84397512195,803.269595420477,1225.4340119198,7020.3860742288,56967.4257940383,40898.6478964744,10713.6407638899,6018.08244729255,13715.0703590361,9497.67411615237,7040.41812068781,7687.71368243317,4129.89697265625,87304.3305813557,103553.840134417,49804.9829978371,61377.5940590412,60844.2767113975,23458.0233840053,4311.21916713038,8162.37929361396,6650.35282247395,1378.75002954928,52023.5170958751,36929.6042163752,26989.7601148469,103697.008372373,27290.1978052614,68190.7010035651,42977.388040868,12768.9097206482,1772.08706898092,3677.90690791421,2933.88333441237,8974.51886874433,4023.5254013825,2161.39573596215,4219.24659467526,9985.096864563362
2014,896.054795546394,3088.72131316169,724.957521209377,1398.89137601382,549.986577082588,6094.69392314956,3133.39102265541,6856.73137092522,3435.40698242188,1953.64513603117,12274.9939689363,8187.20824890084,6652.25478942291,3689.14472473545,1460.18898613914,50960.8431174661,55304.3155317137,14529.6767210362,12233.1444119186,13213.1989637473,2866.83803767919,1094.46199702838,1553.88396075118,821.455224911731,1266.61340849959,7636.07434020616,57564.8023114977,38475.3952461838,11013.3107334403,5801.1978916205,14294.2584180751,10031.7710755404,6886.67809068704,7912.27484371138,3054.908203125,88724.9909402638,97666.6951838749,54576.7448146565,62520.4509747011,59583.7140001673,23160.6502252547,4191.18050084986,7577.6413302369,6249.39226978969,1430.16420964026,51381.4069909213,38230.4954049785,26451.7965647453,95840.6310094498,27079.6733871148,62544.0873773726,44578.2253868016,13726.0222622072,1736.7053011433,3735.23977829545,2945.41495996162,9193.09784447237,3982.68080202084,2164.9442392168,4136.59013792529,10160.469965666685
2015,862.934610355811,2585.73360671797,733.998585018273,1218.00613555438,621.845673808133,4685.05902729002,3306.98159414141,6112.27382485974,3146.24780273438,1721.69964380717,8936.19661756825,6248.51490534512,5879.33792308671,3893.50521848131,1411.12684746796,43594.1941045394,57040.2082136605,13433.9202985339,13679.6264980954,14082.6548502728,2909.85818014474,1224.38647668165,1583.99815907985,875.543635474862,1380.47020838317,8016.44559489998,55645.6068614606,34960.6393843385,9648.6797937523,5688.85335397884,12717.038597002,8977.01748158196,5820.3215576888,7078.86032298969,2094.47387695313,83806.4476003837,74809.9658049898,52951.6815110898,53094.0133607574,51197.9529341175,18808.3077921839,4042.75678097555,7714.1099998804,4440.14189252367,1362.17379435676,43534.9972681733,36123.9907881129,23734.0551143019,68985.2946961507,22453.571552265,56739.0265346593,38639.3501941427,15690.7586522228,1639.85274301496,3764.34426229508,2911.16211045292,7703.43149943923,4084.36083819933,2045.47889485251,4123.90323993332,9854.872094785085
2016,752.696571725656,2070.4127339595,729.519154199595,1266.43957151587,696.195884706786,4424.98529027556,3270.6287768197,5651.20585165749,3140.85546875,1913.18673253576,8836.28652636996,5959.84250367574,5775.1596339946,4060.13755621218,1318.40268167953,42314.0615817218,58206.6141931844,13649.8520455553,12699.9623137756,14832.3611608191,2985.19564020101,1649.28380858601,1707.50892912243,877.256454696737,1424.69161195897,8094.39016735149,56899.9181805173,39375.4731620781,9476.53409809923,5833.57715617098,13104.6995457458,9404.54005870715,5982.37030126471,7570.93165511708,2158.46118164063,82153.0745447889,70867.3609970749,61987.9263620283,54500.9260410217,51820.3972482676,17110.1897460545,3986.71677010853,8089.012088155,4334.42096404188,975.359406696353,41326.4018161834,37556.6272863143,23800.001440631,61253.6375482797,21515.6600083775,49888.0410842736,40070.8956577431,16762.5723436534,1742.66812442095,4229.80988911945,2979.60119184048,8724.30700255019,4147.07097674888,2082.62989047871,3987.98626206287,9994.82685777593
2017,765.218332297361,1876.34027111773,758.301002985965,1356.80518449031,745.632449222154,4554.66753957828,2395.10333299491,6618.33508255701,3296.52661132813,2012.97025750655,10080.5092817775,6479.53231292429,6152.26711537703,4324.99607911366,1395.23945184461,45129.628116623,60322.2614241747,14879.9086230423,14532.5009308511,15694.6297454295,3038.12124955619,1811.08221668646,1950.10468280866,1034.28374906846,1519.23459514248,8817.04560829162,61162.0973932771,38834.0529341227,9862.54806612235,6413.09182530343,14621.2395956755,10727.9822007426,6548.03653824187,8381.88134621669,2604.28759765625,82254.3769269767,76131.8384032764,72010.1490316258,57521.5514992225,53300.8587281785,17820.0661809335,4065.61628749384,8608.21084982387,4759.2846435467,811.165963877611,42340.5917145576,40997.9110240274,24784.7693514607,63279.8556949332,23081.2045336558,53901.7145392154,42913.186956185,16034.1342914889,1853.0511299437,4592.83457628576,3279.10779039285,9613.41209082575,4307.59381964907,2143.57465243959,4365.92932788383,10523.857455759182
2018,792.16570022814,2057.87944554011,771.773521962568,1452.55612562445,747.968143637014,4577.21029180491,2484.70315630508,6914.1780318076,3501.69799804688,2196.61290615342,9300.66164936497,6816.96818309544,6258.44991640954,4352.94651790253,1496.38048970156,46539.1761570405,63201.0458483771,15659.4808675628,11752.7998922979,16151.3273478476,3168.51036606257,1965.24372731467,1966.25455171679,1179.19843190389,1569.33814626355,9905.40638304527,66840.6373389791,39751.1330982711,10901.8019954421,7099.77650081458,16425.2050299693,12502.2624061935,7559.86165747394,9436.14479876055,3059.0517578125,85217.3691512274,82792.8427113304,74452.1890731447,61324.7665045565,54181.9069780904,19901.7615642016,4145.43989673265,9174.53666204759,5646.68932074742,633.887206000087,45689.8570040215,42233.2610344935,26324.4066549559,71039.8490579352,28036.0264674095,57196.4220783778,43228.6976473771,16197.7254546986,1912.73798131035,4858.12079054875,3566.58690371125,11408.6947593898,4231.81409469194,2278.20633913383,4638.89774268789,11094.149371223464
2019,822.057058189153,2265.15520863056,810.051420243718,1431.18128932159,828.70897229725,4468.45341883656,2962.98892023003,6533.71121032856,3508.09765625,2186.18924111824,9029.83326742175,6472.54544924705,5821.18199548637,4511.99755157656,1352.17204191532,46352.8693445211,65604.6815198734,14495.716721687,9955.97478680428,16477.9066285687,3400.78949772302,2129.79896954606,2041.42863698585,1203.14294706401,1390.41690981745,10143.8602206165,66081.7199235165,40415.9567649547,10920.191763972,7605.69657797759,16786.2136399075,12992.0326104674,7755.632986437,9838.60058985384,3619.86157226563,84121.9310304414,76430.5889473338,68452.23622306,59404.2663247723,51773.0464558993,19180.1864152801,4170.1144003465,8905.88005497437,5671.8568632942,623.376164898164,44251.4541390148,44140.8289372511,27259.7438599327,66841.3013472693,27892.8421521179,54972.7017885437,42747.2099299966,15841.1935329812,1750.99750920482,5292.33985502306,3572.65918282222,10776.8284610316,4351.94234943706,2223.66502559565,4676.84790348236,11269.783189648906
2020,845.766463890124,2019.65706326224,778.701538550324,1461.08720350553,905.313175805855,3743.5419522929,3511.11381026379,5580.60383075189,3268.0302734375,2196.54789313621,7074.19378281866,5339.68711357943,5365.47220721191,4477.61761796418,1290.32538667383,43537.839298904,64411.3731779373,13114.815470545,8535.59938004389,13290.5608347594,3227.57910235199,2248.85078828233,1907.04251637669,1154.21517578318,1278.39735206896,10408.7195541075,61466.803676358,40040.7655055923,9957.52626697613,6985.64393892574,16131.9540355923,13082.3006559554,8098.70955668849,10198.5388313404,3709.76928710938,85897.7843338323,68340.0181033702,59023.5663465778,60985.4885601514,52653.7565934247,16784.8630630058,4022.0401356135,5561.19166950397,4295.18945121228,559.564672794182,37173.8754100281,44679.7715799755,24342.8444554718,51683.5054353851,23271.4037647084,51791.540179984,41785.6922905898,14556.5896891862,1769.43211760217,5661.96787336674,3353.8894298388,10695.6993301601,4099.6600907147,2063.33101522108,4700.44932800575,10949.413774779397
2021,882.791717542504,2017.27486481527,828.833032800998,1598.10676952274,910.947840320752,4160.55926736925,3827.35415374308,6843.39941886204,3785.93627929688,2445.50081810782,7972.53665048385,6222.62164397614,5976.9317978996,4913.94712869347,1835.44394078496,52496.8441693242,71318.3073592183,16216.5706467899,10738.0179223384,15509.8069109784,3484.38593882819,2482.84917843357,2239.61384367482,1252.75076731986,1455.31922370186,12617.5051041181,79601.4129622433,40058.5373276179,10903.1116425938,7058.0694998852,18755.1023464312,14986.7854904274,9680.52798074468,12274.0775950496,4775.94580078125,93446.4344518943,93072.8925119571,69325.9078287926,69727.9873677012,61174.9680215622,19403.4600160211,4183.49998326866,4045.37391066234,4868.49431080783,522.173512705812,43360.0211014806,52255.6159050999,27147.8083882286,71751.8831234838,28396.0864182336,60607.7788605166,49624.1816729553,13257.2066721026,2253.82500103057,6258.61193705127,3493.87228552999,14989.6647450751,3947.64517905415,1996.86976779348,4912.57950603175,12416.428088748911
2022,963.067314117178,2139.37478476974,975.469315871749,1564.74522071584,1011.0732858233,4961.55257664733,4233.30783744856,6523.41097815853,3455.39624023438,2240.27945094566,9281.33334441234,6674.59601948063,6205.62595379319,5358.08963795,1760.62635668777,55509.393176404,78035.1753604212,15451.1319576678,13935.6811110049,17332.4360742988,3548.06930572116,2716.48592677835,2352.61392452078,1385.91066275016,1538.3228133171,12662.5826712038,88428.7024226232,34017.2718075024,11748.0919307944,6909.35997481451,18353.298364905,15557.8826247584,10022.9688543402,13644.201582807,4199.6708984375,93245.7952120851,108798.451165901,75314.085560994,68091.3191138669,55296.9371472535,23665.6394740852,4332.25159897931,3654.35845534878,6504.12428393548,615.70207931388,49899.0652978649,54930.7261602593,30616.2610677495,88701.463350036,34454.1957708412,64997.0136536475,48216.5095836302,14392.1990258461,2075.90844085067,6322.82855503156,3835.38184348074,13287.2711890938,3869.46639492144,2005.4139933198,4933.07479143113,12952.224969196739
2023,1002.30913917142,1596.63696129001,1010.2689290184,1706.44218024762,1272.01628209211,5364.02795022731,3457.45691570455,6022.5425418935,3771.4462890625,2260.28741289427,10294.866680778,6947.35928681966,6276.35113919957,5762.82174615918,1705.77905452248,53431.1857063879,82769.4122114216,17067.8136150601,14187.4827252965,18686.4050961265,3804.8725797521,2551.01772674142,2480.79208721621,1377.62603571292,1365.27743222493,12614.0617416421,84734.2559206054,33766.5268253808,11379.0861000632,7182.02525812415,22141.8669799276,18404.2730871704,12281.5058488303,15885.5391311331,5069.703125,99564.710026145,87925.0944188399,79636.9548578508,68453.8769281145,55516.836477474,21549.8368728192,4455.50540514568,3654.35845534878,5565.12644647176,477.409028678688,49040.6947525825,52642.4267486308,29218.8605634137,80195.874646942,32093.9622984711,64820.9117890026,48280.8114166238,15899.4224911152,2106.76000405677,6678.34239060448,4084.16940424398,12982.7612060515,4330.17840531329,2041.6364912646,4933.07479143113,13219.41130171418
