year,Uganda,Nigeria,Rwanda,Senegal,Ethiopia,Algeria,"Egypt, Arab Rep.",South Africa,Morocco,Ghana,Brazil,Colombia,Paraguay,Guatemala,Haiti,Canada,United States,Chile,Argentina,Panama,Philippines,Bangladesh,India,Nepal,Pakistan,China,Singapore,Japan,Malaysia,Thailand,Hungary,Romania,Serbia,Bulgaria,Ukraine,Switzerland,Norway,Iceland,Denmark,Sweden,Oman,Jordan,Lebanon,Iraq,"Yemen, Rep.",United Arab Emirates,Israel,Bahrain,Qatar,Saudi Arabia,Australia,New Zealand,Palau,Kiribati,Marshall Islands,"Micronesia, Fed. Sts.",Nauru,Samoa,Solomon Islands,Tonga,global_education
1985,6.21999979019165,43.2999992370605,2.9658823854783023,4.59999990463257,4.6399998664856,10.23300017416478,11.0900001525879,27.75,9.788484784059762,21.450000166893027,17.72904804774694,37.6199989318848,19.61500034332274,9.246666908264167,6.377142974308558,78.21799926757816,92.68923011192912,38.64666620890302,30.61363636363639,38.3399991989136,38.01499938964845,7.965999984741212,10.470856913204855,3.5320000648498517,6.004999876022342,19.038333574930785,38.269999504089355,98.2099990844727,24.367499887943243,11.533750156561531,85.63428715297152,63.8699989318848,46.5499992370605,49.1599998474121,59.92322614116056,29.832413245891733,99.7900009155273,95.0999984741211,96.4700012207031,62.62428719656807,32.75,55.3199996948242,28.56351424552301,22.9286041259766,14.2275915145874,35.74000040690107,49.14952323550265,27.32400059700016,37.4000015258789,31.7900009155273,77.5018185702237,57.42999954223634,96.8899993896484,20.882380433984704,91.6399993896484,76.1502532958984,96.8249053955078,46.871293921219674,38.1591262817383,52.6699981689453,28.108511736666134
1986,6.21999979019165,43.2999992370605,3.2052941602819125,4.59999990463257,4.6399998664856,10.907500185072433,11.0900001525879,29.366250038146976,10.33766227544742,22.40000019073489,19.012857573372987,37.6199989318848,20.40000038146972,9.575555801391609,6.389523914882115,79.2099990844727,92.54153794508716,40.51888868543839,31.556363712657607,39.6919990539551,39.29599914550782,8.84500002861023,11.178571174884668,4.067500084638592,6.263749897480015,20.66111140780974,39.821999359130864,98.2099990844727,26.164999842643713,12.502500176429743,85.51714433942522,63.8699989318848,46.5499992370605,49.1599998474121,61.52677462177894,32.55689607817554,99.7900009155273,95.0999984741211,96.4700012207031,63.6500015258789,32.75,55.3199996948242,29.68108184917555,22.9286041259766,14.2275915145874,37.4960004170736,51.574285234723725,28.720000624656713,37.4000015258789,31.7900009155273,78.10909132523967,57.9349994659424,96.8899993896484,22.922720509606435,91.6399993896484,76.1502532958984,96.8249053955078,48.211617821141296,38.1591262817383,52.6699981689453,28.907856923451554
1987,6.21999979019165,43.2999992370605,3.4447059350855227,4.59999990463257,4.6399998664856,11.582000195980084,14.49500007629395,30.98250007629395,10.886839766835076,23.350000214576745,20.29666709899903,37.6199989318848,21.185000419616703,9.904444694519052,6.401904855455671,80.03799896240238,92.39384577824522,42.39111116197376,32.499091061678826,41.0439989089966,40.57699890136719,9.724000072479248,11.886285436564483,4.603000104427333,6.522499918937688,22.283889240688705,41.37399921417237,98.2099990844727,27.962499797344183,13.47125019629796,85.40000152587889,63.8699989318848,46.5499992370605,49.1599998474121,63.13032310239733,35.281378910459345,99.7900009155273,95.0999984741211,96.4700012207031,65.1100006103516,32.75,55.3199996948242,30.79864945282809,22.9286041259766,14.2275915145874,39.25200042724613,53.9990472339448,30.11600065231327,38.58889028761121,31.7900009155273,78.71636408025566,58.43999938964846,96.8899993896484,24.96306058522817,91.6399993896484,76.1502532958984,96.8249053955078,49.55194172106292,38.1591262817383,54.65099868774413,29.70469325068988
1988,6.21999979019165,43.2999992370605,3.684117709889133,4.59999990463257,4.6399998664856,12.256500206887733,17.9,32.598750114440925,11.436017258222732,24.3000002384186,21.58047662462508,37.6199989318848,21.97000045776368,10.233333587646491,6.414285796029227,80.86599884033205,92.24615361140329,44.26333363850913,33.441818410700044,42.3959987640381,41.85799865722656,10.603000116348266,12.593999698244296,5.1385001242160735,6.781249940395361,23.906667073567665,42.92599906921389,98.2099990844727,29.75999975204465,14.440000216166172,85.28285871233258,63.8699989318848,46.5499992370605,49.1599998474121,64.73387158301571,38.00586174274315,99.7900009155273,95.0999984741211,96.4700012207031,66.7099990844727,32.75,55.3199996948242,31.916217056480633,22.9286041259766,14.2275915145874,41.00800043741865,56.42380923316587,31.51200067996983,39.77777904934352,31.7900009155273,79.32363683527164,58.94499931335452,96.8899993896484,27.003400660849906,91.6399993896484,76.1502532958984,96.8249053955078,50.89226562098453,38.1591262817383,56.63199920654296,30.503022665977735
1989,6.21999979019165,43.2999992370605,3.923529484692743,4.59999990463257,4.6399998664856,12.931000217795384,21.30499992370605,34.2150001525879,11.98519474961039,25.25000026226046,22.86428615025113,37.6199989318848,22.75500049591066,10.562222480773936,6.426666736602783,81.69399871826174,92.09846144456134,46.13555611504451,34.38454575972126,43.7479986190796,43.13899841308593,11.482000160217284,13.301713959924111,5.674000144004814,7.0399999618530344,25.529444906446628,44.477998924255395,98.2099990844727,31.55749970674512,15.408750236034388,85.16571589878627,63.8699989318848,46.5499992370605,49.1599998474121,66.3374200636341,40.73034457502696,99.7900009155273,95.0999984741211,96.4700012207031,68.1699981689453,32.75,55.3199996948242,33.03378466013317,22.9286041259766,14.2275915145874,42.76400044759118,58.84857123238695,32.908000707626385,40.96666781107583,31.7900009155273,79.93090959028761,59.44999923706058,96.8899993896484,29.043740736471637,91.6399993896484,76.1502532958984,96.8249053955078,52.23258952090615,38.1591262817383,58.61299972534179,31.306007916700608
1990,6.21999979019165,43.2999992370605,4.162941259496353,4.59999990463257,4.6399998664856,13.605500228703034,24.7099998474121,35.83125019073488,12.534372240998046,26.20000028610232,24.148095675877176,37.6199989318848,23.54000053405764,10.891111373901378,6.439047677176339,82.52199859619141,91.9507692777194,48.00777859157988,35.32727310874248,45.0999984741211,44.4199981689453,12.361000204086302,14.009428221603924,6.209500163793555,7.298749983310707,27.152222739325587,46.0299987792969,98.2099990844727,33.35499966144559,16.377500255902603,85.04857308523995,63.8699989318848,46.5499992370605,49.1599998474121,67.94096854425248,43.454827407310766,99.7900009155273,95.0999984741211,96.4700012207031,70.1600036621094,32.75,55.3199996948242,34.15135226378571,22.9286041259766,14.2275915145874,44.52000045776371,61.27333323160803,34.30400073528295,42.155556572808145,31.7900009155273,80.5381823453036,59.95499916076664,96.8899993896484,31.08408081209337,91.6399993896484,76.1502532958984,96.8249053955078,53.57291342082777,38.1591262817383,60.59400024414062,32.11847279483452
1991,6.21999979019165,43.2999992370605,4.402353034299964,4.59999990463257,4.6399998664856,14.280000239610684,28.11499977111815,37.44750022888185,13.083549732385702,27.15000030994418,25.431905201503223,37.6199989318848,24.325000572204623,11.22000026702882,6.451428617749896,83.3499984741211,91.80307711087744,49.88000106811525,36.2700004577637,45.93799858093262,45.01299819946288,13.24000024795532,14.717142483283736,6.745000183582295,7.55750000476838,28.775000572204547,47.39399871826174,98.2099990844727,35.15249961614606,17.346250275770817,84.93143027169364,63.8699989318848,46.5499992370605,49.1599998474121,69.54451702487087,46.17931023959457,99.7900009155273,95.0999984741211,96.4700012207031,71.6399993896484,32.75,55.3199996948242,35.26891986743826,22.9286041259766,14.2275915145874,46.27600046793623,63.69809523082911,35.7000007629395,43.34444533454045,31.7900009155273,81.14545510031958,60.4599990844727,96.8899993896484,33.124420887715104,91.6399993896484,76.1502532958984,96.8249053955078,54.91323732074939,38.1591262817383,62.575000762939446,32.92688048872548
1992,6.29999980059537,43.2999992370605,4.641764809103575,4.59999990463257,4.6399998664856,14.954500250518336,31.5199996948242,39.06375026702882,13.632727223773358,28.10000033378604,26.71571472712927,37.6199989318848,25.1100006103516,11.548889160156262,6.463809558323452,83.83332302695827,91.6553849440355,51.75222354465062,37.25300025939944,46.77599868774414,45.60599822998046,14.11900029182434,15.424856744963552,7.2805002033710355,7.816250026226053,30.39777840508351,48.75799865722658,98.2099990844727,36.94999957084653,18.31500029563903,84.81428745814732,63.8699989318848,46.5499992370605,49.1599998474121,71.14806550548924,48.90379307187838,99.7900009155273,95.0999984741211,96.7200012207031,74.0899963378906,32.75,55.3199996948242,36.3864874710908,22.9286041259766,14.2275915145874,48.03200047810875,66.12285723005019,37.8250007629395,44.53333409627277,31.7900009155273,81.75272785533555,61.19303363302484,96.8899993896484,35.16476096333684,91.6399993896484,76.1502532958984,96.8249053955078,56.25356122067101,38.1591262817383,64.55600128173828,33.74022591968414
1993,6.379999810999091,43.2999992370605,4.881176583907185,4.59999990463257,4.6399998664856,15.629000261425986,34.92499961853025,40.680000305175795,14.181904715161014,29.050000357627894,27.99952425275532,37.6199989318848,25.420000500149236,11.877778053283704,6.476190498897008,84.31664757979543,91.50769277719355,53.62444602118599,38.23600006103518,47.61399879455566,46.19899826049804,14.998000335693357,16.132571006643367,7.816000223159776,8.075000047683726,32.020556237962474,50.121998596191425,98.2099990844727,38.74749952554699,19.283750315507245,84.69714464460101,64.9139987945557,46.5499992370605,53.13888888888888,72.75161398610763,51.62827590416219,99.7900009155273,95.0999984741211,96.9700012207031,75.8399963378906,32.75,55.3199996948242,37.504055074743334,22.9286041259766,14.2275915145874,49.78800048828128,68.54761922927126,39.9500007629395,45.722222858005075,31.7900009155273,82.36000061035153,61.92606818157698,96.8899993896484,37.205101038958574,91.6399993896484,76.1502532958984,96.8249053955078,57.593885120592624,38.1591262817383,66.5370018005371,34.56333857619985
1994,6.4599998214028105,43.2999992370605,5.120588358710795,4.59999990463257,4.6399998664856,16.303500272333636,38.3299995422363,42.296250343322775,14.731082206548672,30.000000381469757,29.28333377838137,37.6199989318848,25.730000389946863,12.206666946411149,6.488571439470564,84.7999721326326,91.3600006103516,55.496668497721366,39.21899986267092,48.45199890136718,46.79199829101562,15.877000379562372,16.84028526832318,8.351500242948516,8.333750069141399,33.64333407084143,51.48599853515626,98.2099990844727,40.54499948024746,20.25250033537546,84.5800018310547,65.9579986572266,46.5499992370605,57.117777930365655,74.35516246672601,54.35275873644599,99.7900009155273,95.0999984741211,97.2200012207031,77.1399993896484,32.75,55.3199996948242,38.62162267839587,22.9286041259766,14.2275915145874,51.54400049845381,70.97238122849234,42.0750007629395,46.91111161973738,31.7900009155273,82.96727336536752,62.65910273012911,96.8899993896484,39.2454411145803,91.6399993896484,76.1502532958984,96.8249053955078,58.934209020514245,38.1591262817383,68.51800231933593,35.3883773067605
1995,6.53999983180653,43.2999992370605,5.360000133514405,4.59999990463257,4.6399998664856,16.978000283241286,41.73499946594235,43.91250038146975,15.280259697936328,30.950000405311616,30.567143304007416,37.6199989318848,26.0400002797445,12.535555839538588,6.5009523800441205,85.28329668546976,91.6500007629395,57.368890974256736,40.20199966430666,49.289999008178704,47.3849983215332,16.75600042343139,17.547999530002993,8.887000262737256,8.592500090599072,35.26611190372039,52.8499984741211,98.2099990844727,42.34249943494793,21.221250355243672,84.46285901750838,67.0019985198975,46.5499992370605,61.09666697184243,75.9587109473444,57.07724156872981,99.7900009155273,95.0999984741211,97.4700012207031,78.379997253418,32.75,55.3199996948242,39.73919028204841,22.9286041259766,14.2275915145874,53.30000050862634,73.39714322771341,44.2000007629395,48.1000003814697,31.7900009155273,83.57454612038349,63.392137278681254,96.8899993896484,41.28578119020204,91.6399993896484,76.1502532958984,96.8249053955078,60.27453292043586,38.1591262817383,70.49900283813477,36.23970645826069
1996,6.61999984221025,43.2999992370605,5.599411908318015,4.59999990463257,4.6399998664856,17.65250029414894,45.1399993896484,45.52875041961672,15.829437189323984,31.900000429153476,31.850952829633464,37.6199989318848,26.350000169542135,12.864444732666032,6.513333320617677,85.76662123830694,91.94000091552738,59.241113450792106,41.1849994659424,50.12799911499022,47.97799835205078,17.63500046730041,18.25571379168281,9.422500282525998,8.851250112056745,36.88888973659935,54.22799835205079,98.2099990844727,44.1399993896484,22.19000037511189,84.34571620396207,68.0459983825684,46.5499992370605,65.07555601331921,77.56225942796279,59.80172440101361,99.7900009155273,95.0999984741211,97.7200012207031,79.56444210476347,32.75,55.3199996948242,40.85675788570096,22.9286041259766,14.2275915145874,55.05600051879887,75.82190522693449,46.3250007629395,49.288889143202006,31.7900009155273,84.18181887539947,64.1251718272334,96.8899993896484,43.32612126582377,91.6399993896484,76.1502532958984,96.8249053955078,61.61485682035748,38.1591262817383,72.4800033569336,37.07019970787809
1997,6.699999852613971,43.2999992370605,5.838823683121626,4.59999990463257,4.6399998664856,18.32700030505659,44.27099952697751,47.1450004577637,16.378614680711642,32.85000045299533,33.13476235525951,37.6199989318848,26.660000059339765,13.193333625793471,6.525714261191233,86.2499457911441,92.23000106811529,61.11333592732747,42.16799926757814,50.96599922180174,48.57099838256836,18.514000511169428,18.96342805336262,9.95800030231474,9.11000013351442,38.51166756947831,55.60599822998048,98.2099990844727,46.02999973297118,23.1587503949801,84.22857339041576,69.0899982452393,46.5499992370605,69.05444505479599,79.16580790858117,62.52620723329741,99.7900009155273,95.0999984741211,97.9700012207031,80.74888695610895,32.75,55.3199996948242,41.9743254893535,22.9286041259766,14.2275915145874,56.81200052897139,78.24666722615557,48.4500007629395,50.47777790493432,31.7900009155273,84.78909163041544,64.85820637578553,96.8899993896484,45.3664613414455,91.6399993896484,76.1502532958984,96.8249053955078,62.9551807202791,38.1591262817383,72.06300277709961,37.900609275395176
1998,6.77999986301769,43.2999992370605,6.078235457925237,4.59999990463257,4.6399998664856,19.00150031596424,43.40199966430662,48.76125049591067,16.9277921720993,33.80000047683719,34.41857188088556,37.6199989318848,26.9699999491374,13.522222518920916,6.538095201764789,86.73327034398127,92.52000122070316,62.98555840386285,43.15099906921388,51.80399932861326,49.16399841308594,19.393000555038444,19.67114231504243,10.49350032210348,9.36875015497209,40.13444540235727,56.98399810791017,98.2099990844727,47.92000007629395,24.127500414848313,84.11143057686944,70.1339981079102,46.5499992370605,73.03333409627277,80.76935638919956,65.25069006558122,99.7900009155273,95.0999984741211,98.2200012207031,81.93333180745444,32.75,55.3199996948242,43.091893093006036,22.9286041259766,14.2275915145874,58.56800053914392,80.67142922537664,50.5750007629395,51.66666666666663,31.7900009155273,85.39636438543143,65.59124092433767,96.8899993896484,47.40680141706723,91.6399993896484,76.1502532958984,96.8249053955078,64.29550462020072,38.1591262817383,71.64600219726563,38.734156179326156
1999,6.85999987342141,43.2999992370605,6.317647232728847,4.59999990463257,4.6399998664856,19.67600032687189,42.53299980163573,50.377500534057646,17.476969663486955,34.75000050067905,35.702381406511606,37.6199989318848,27.279999838935034,13.851111412048358,6.550476142338345,87.21659489681845,92.81000137329104,64.85778088039822,44.133998870849624,52.64199943542478,49.75699844360352,20.272000598907464,20.37885657672225,11.02900034189222,9.627500176429765,41.75722323523624,58.36199798583986,98.2099990844727,49.81000041961673,25.09625043471653,83.99428776332313,71.1779979705811,46.5499992370605,77.01222313774954,82.37290486981793,67.97517289786502,99.7900009155273,95.0999984741211,98.4700012207031,83.11777665879991,32.75,55.3199996948242,44.20946069665858,22.9286041259766,14.2275915145874,60.32400054931645,83.09619122459772,52.7000007629395,52.855555428398944,31.7900009155273,86.00363714044741,66.32427547288981,96.8899993896484,49.44714149268897,91.6399993896484,76.1502532958984,96.8249053955078,65.63582852012233,38.1591262817383,71.22900161743166,39.56473484529271
2000,6.93999988382513,43.2999992370605,6.557059007532457,4.59999990463257,4.6399998664856,20.35050033777954,41.66399993896484,51.993750572204625,18.02614715487461,35.70000052452091,36.98619093213765,37.6199989318848,27.589999728732664,14.1800003051758,6.5628570829119015,87.69991944965561,93.10000152587894,66.7300033569336,45.11699867248536,53.4799995422363,50.3499984741211,21.15100064277648,21.08657083840206,11.56450036168096,9.886250197887437,43.3800010681152,59.739997863769545,98.2099990844727,51.7000007629395,26.065000454584744,83.8771449497768,72.221997833252,46.5499992370605,80.99111217922632,83.97645335043632,70.69965573014883,99.7900009155273,95.0999984741211,98.7200012207031,84.30222151014539,32.75,55.3199996948242,45.32702830031112,22.9286041259766,14.2275915145874,62.08000055948897,85.5209532238188,54.8250007629395,54.04444419013125,31.7900009155273,86.61090989546338,67.05731002144195,96.8899993896484,51.487481568310706,91.6399993896484,76.1502532958984,96.8249053955078,66.97615242004396,38.1591262817383,70.81200103759768,40.38983814235637
2001,7.01999989422885,43.2999992370605,6.796470782336067,4.59999990463257,4.6399998664856,21.025000348687193,40.79500007629395,53.6100006103516,18.575324646262267,36.65000054836277,38.2700004577637,37.6199989318848,27.8999996185303,14.8550000190735,6.575238023485458,88.18324400249278,93.39000167846685,67.4733352661133,46.0999984741211,49.8400001525879,53.95749855041505,22.0300006866455,21.794285100081876,12.1000003814697,10.145000219345109,44.90700111389157,61.11799774169924,98.2099990844727,49.94200057983402,27.03375047445296,83.7600021362305,73.2659976959229,46.5499992370605,84.9700012207031,85.5800018310547,73.42413856243265,99.7900009155273,95.0999984741211,98.9700012207031,85.48666636149086,32.75,55.3199996948242,46.44459590396366,22.9286041259766,14.2275915145874,63.8360005696615,87.94571522303987,56.9500007629395,55.23333295186357,34.577500343322725,87.21818265047936,67.79034456999409,96.8899993896484,53.52782164393244,91.6399993896484,76.1502532958984,96.8249053955078,68.31647631996557,38.1591262817383,70.3950004577637,41.21929587124576
2002,7.09999990463257,43.2999992370605,7.0358825571396775,4.59999990463257,4.6399998664856,21.699500359594843,39.92600021362306,59.75,19.124502137649923,37.60000057220463,39.8199996948242,37.6199989318848,27.4799995422363,15.5299997329712,6.587618964059014,88.66656855532995,93.68000183105472,68.216667175293,51.14499855041505,52.1800003051758,57.564998626709,22.78500061035156,22.50199936176169,12.61300029754636,10.403750240802784,46.434001159667936,62.49599761962893,98.2099990844727,48.18400039672854,28.002500494321172,84.8225021362305,74.3099975585938,46.5499992370605,85.80000152587888,85.5800018310547,76.14862139471644,99.7900009155273,95.0999984741211,99.2200012207031,86.67111121283635,32.75,55.3199996948242,47.5621635076162,22.9286041259766,14.2275915145874,65.59200057983404,90.37047722226094,56.92222298516173,56.422221713595874,37.36499977111815,87.82545540549535,68.52337911854623,96.8899993896484,55.56816171955417,91.6399993896484,76.1502532958984,96.8249053955078,69.65680021988719,38.1591262817383,69.97799987792972,42.124975775200205
2003,9.788333177566525,43.2999992370605,7.275294331943288,4.59999990463257,4.6399998664856,22.374000370502493,39.05700035095217,61.6199989318848,19.67367962903758,38.55000059604649,41.560001373291,38.3600006103516,30.5100002288818,16.559999704360976,6.59999990463257,89.14989310816712,93.9700019836426,68.9599990844727,56.189998626709,53.060001373291,61.17249870300295,23.540000534057626,23.209713623441505,13.12600021362302,10.662500262260457,47.96100120544431,63.87399749755862,98.2099990844727,46.42600021362306,28.971250514189386,85.8850021362305,75.80199737548833,52.063332239786746,86.63000183105466,85.5800018310547,78.87310422700025,99.7900009155273,95.0999984741211,99.4700012207031,87.85555606418183,32.75,55.3199996948242,48.67973111126874,22.9286041259766,14.2275915145874,67.34800059000656,92.79523922148202,56.894445207383946,57.61111047532818,40.152499198913574,88.43272816051132,69.25641366709837,96.8899993896484,57.608501795175904,91.6399993896484,76.1502532958984,96.8249053955078,70.99712411980882,38.1591262817383,69.56099929809574,43.03106204620901
2004,12.47666645050048,43.2999992370605,7.514706106746898,4.59999990463257,4.6399998664856,23.048500381410143,38.18800048828128,62.9000015258789,20.22285712042524,39.50000061988835,42.8699989318848,39.9199981689453,29.5799999237061,17.58999967575075,8.27411778767904,89.6332176610043,94.2600021362305,75.3099975585938,56.189998626709,53.6599998474121,64.7799987792969,24.29500045776368,23.917427885121317,13.63900012969968,10.921250283718129,49.48800125122068,65.2519973754883,98.2099990844727,44.66800003051758,29.9400005340576,86.9475021362305,77.29399719238285,57.576665242512995,87.46000213623044,85.5800018310547,81.59758705928407,99.7900009155273,95.0999984741211,99.42750167846675,89.0400009155273,35.64400024414062,58.0440002441406,49.79729871492128,22.9286041259766,14.2275915145874,69.10400060017908,95.2200012207031,56.86666742960617,58.7999992370605,42.939998626709,89.0400009155273,69.98944821565051,96.8899993896484,59.64884187079764,91.6399993896484,76.1502532958984,96.8249053955078,72.33744801973043,38.1591262817383,69.14399871826177,43.89725529541874
2005,15.164999723434436,43.2999992370605,7.754117881550508,4.59999990463257,4.6399998664856,23.723000392317793,37.31900062561039,63.1100006103516,20.772034611812895,40.450000643730206,43.9500007629395,41.0900001525879,34.1399993896484,18.619999647140524,9.94823567072551,90.11654221384146,93.879997253418,72.42499923706055,56.189998626709,54.0400009155273,65.06749916076663,25.05000038146974,24.62514214680113,14.15200004577634,11.1800003051758,51.01500129699705,66.629997253418,98.2099990844727,42.9099998474121,29.5650005340576,88.0100021362305,78.78599700927737,63.08999824523925,88.29000244140622,85.5800018310547,84.32206989156786,99.7900009155273,95.0999984741211,99.38500213623044,89.7600021362305,38.53800048828124,60.768000793457,50.91486631857382,22.9286041259766,14.2275915145874,70.8600006103516,85.23500061035155,56.83888965182839,62.07999928792313,44.88777669270834,90.2600021362305,70.72248276420265,96.8899993896484,61.68918194641937,91.6399993896484,76.1502532958984,96.8249053955078,73.67777191965205,38.1591262817383,68.72699813842779,44.55882140506979
2006,17.85333299636839,43.2999992370605,7.993529656354118,4.59999990463257,4.6399998664856,24.397500403225447,36.4500007629395,64.0199966430664,21.32121210320055,41.400000667572066,46.2099990844727,38.2700004577637,32.6599998474121,19.6499996185303,11.62235355377198,90.59986676667864,94.4599990844727,69.5400009155273,56.189998626709,54.3899993896484,65.35499954223636,25.805000305175803,25.332856408480943,14.664999961853,19.9099998474121,52.54200134277342,68.0299987792969,98.2099990844727,48.07499980926512,29.1900005340576,90.26250076293948,80.27799682617189,68.6033312479655,89.120002746582,85.5800018310547,87.04655272385168,99.7799987792969,95.36467437744142,99.34250259399413,90.4300003051758,41.432000732421855,63.49200134277339,52.03243392222636,22.9286041259766,14.2275915145874,71.29666709899907,75.25,56.81111187405062,65.35999933878577,46.83555475870769,90.7799987792969,71.4555173127548,96.8899993896484,63.7295220220411,91.6399993896484,76.1502532958984,96.8249053955078,75.01809581957366,38.1591262817383,68.3099975585938,45.688082956215744
2007,20.541666269302347,42.51151618957515,8.232941431157728,5.119999885559084,4.6399998664856,25.072000414133097,39.80790901184085,65.5299987792969,21.870389594588207,42.350000691413925,48.0699996948242,42.1399993896484,34.9799995422363,20.442720413208026,13.29647143681845,91.0831913195158,94.5849990844727,76.3399963378906,56.189998626709,56.0400009155273,65.64249992370607,26.56000022888186,26.04057067016076,15.17799987792966,19.92000007629395,54.069001388549786,69.2200012207031,98.2099990844727,53.23999977111815,30.915000438690175,92.51499938964844,81.7699966430664,74.11666425069174,90.0100021362305,85.5800018310547,89.77103555613549,99.7799987792969,95.62935028076174,99.3000030517578,91.0299987792969,44.32600097656248,66.21600189208979,53.1500015258789,22.9286041259766,14.2275915145874,71.73333358764651,83.0,56.78333409627284,68.6399993896484,48.78333282470703,91.4700012207031,72.18855186130693,96.8899993896484,65.76986209766284,91.6399993896484,76.1502532958984,96.8249053955078,76.35841971949529,38.1591262817383,72.17599792480472,46.570870302621174
2008,23.2299995422363,41.7230331420898,8.472353205961339,5.639999866485598,5.427499890327457,25.746500425040747,43.1658172607422,65.4599990844727,22.419567085975864,43.300000715255784,50.2200012207031,44.0099983215332,37.0499992370605,21.23544120788575,14.97058931986492,91.56651587235297,94.7099990844727,72.4499969482422,56.189998626709,57.3199996948242,65.9300003051758,27.31500015258792,26.748284931840573,15.69099979400632,19.9300003051758,55.596001434326155,71.3099975585938,98.2099990844727,58.40499973297118,32.64000034332275,94.76749801635742,82.75,79.629997253418,90.4300003051758,85.5800018310547,92.49551838841928,99.7099990844727,95.89402618408204,99.38500213623044,85.1500015258789,47.2200012207031,68.9400024414062,56.231819846413345,22.9286041259766,14.2275915145874,72.17000007629397,83.24499893188475,56.75555631849506,69.1900024414062,50.731110890706375,92.0199966430664,72.92158640985907,96.8899993896484,67.81020217328457,91.6399993896484,76.1502532958984,96.8249053955078,77.6987436194169,38.1591262817383,76.04199829101564,47.371229271378034
2009,23.0749998092651,40.93455009460445,8.711764980764949,6.159999847412112,6.214999914169315,26.421000435948397,46.523725509643555,69.8099975585938,22.96874457736352,44.25000073909764,51.0200004577637,43.7599983215332,38.4500007629395,22.028162002563477,16.644707202911388,92.04984042519013,94.7099990844727,73.4599990844727,56.189998626709,57.5699996948242,66.79999923706055,28.07000007629398,27.455999193520384,16.20399971008298,19.7800006866455,57.12300148010253,71.0599975585938,98.2099990844727,63.5699996948242,34.36500024795532,97.0199966430664,83.379997253418,80.0699996948242,90.9400024414062,85.5800018310547,95.2200012207031,99.6999969482422,96.15870208740238,99.4700012207031,85.8499984741211,49.165000915527344,69.19499969482419,59.31363816694779,22.9286041259766,14.2275915145874,72.60666656494143,83.4899978637695,56.72777854071728,70.0999984741211,52.67888895670572,92.2399978637695,73.6546209584112,96.8899993896484,69.85054224890631,91.6399993896484,76.1502532958984,96.8249053955078,79.03906751933852,38.1591262817383,79.90799865722656,48.12596394941856
2010,22.9200000762939,40.1460670471191,8.95117675556856,6.679999828338627,7.002499938011173,27.095500446856047,49.8816337585449,70.2200012207031,23.517922068751176,45.2000007629395,52.0200004577637,44.3400001525879,37.939998626709,22.8208827972412,18.318825085957855,92.5331649780273,94.9300003051758,73.5500030517578,56.189998626709,62.8899993896484,67.6699981689453,28.82500000000004,28.1637134552002,16.71699962615964,20.6800003051758,58.6500015258789,72.7300033569336,98.2099990844727,65.0800018310547,36.0900001525879,97.3899993896484,83.9499969482422,80.7300033569336,91.7399978637695,85.5800018310547,95.3199996948242,99.6999969482422,96.4233779907227,96.0599975585938,86.5199966430664,51.1100006103516,69.4499969482422,62.395456487482235,22.9286041259766,14.2275915145874,73.0433330535889,83.5199966430664,56.7000007629395,64.5500030517578,54.626667022705064,93.3499984741211,74.38765550696334,96.8899993896484,71.89088232452804,91.6399993896484,76.1502532958984,96.8249053955078,80.37939141926014,38.1591262817383,83.77399902343748,48.870741755035034
2011,11.1500911712646,39.357583999633746,9.190588530372173,7.19999980926514,7.78999996185303,27.7700004577637,55.0772018432617,71.7799987792969,24.067099560138836,43.60104624430341,54.5200004577637,45.5699996948242,42.5099983215332,22.389123916626,19.99294296900433,92.8317565917969,95.0400009155273,74.0199966430664,56.189998626709,59.3300018310547,68.81666564941406,29.5799999237061,27.75,17.2299995422363,19.3099994659424,59.52200164794921,73.1699981689453,98.2099990844727,66.26666768391928,36.9966672261556,97.7900009155273,85.1100006103516,79.8099975585938,92.4100036621094,85.5800018310547,95.379997253418,99.5500030517578,66.6341323852539,96.4800033569336,87.1900024414062,55.57000122070316,69.17010062081475,65.47727480801669,22.9286041259766,14.2275915145874,73.47999954223636,84.3399963378906,58.30000114440922,62.6599998474121,56.57444508870441,93.7399978637695,75.12069005551548,96.8899993896484,73.93122240014978,91.6399993896484,76.1502532958984,96.8249053955078,81.71971531918176,38.1591262817383,87.6399993896484,48.99341738912781
2012,16.9300003051758,38.5691009521484,9.43000030517578,8.384999752044681,9.525793075561516,29.6267514228821,56.264949798584,73.620002746582,24.61627705152649,42.0020917256673,55.689998626709,46.5499992370605,41.8199996948242,21.2199993133545,21.6670608520508,93.0813674926758,95.1399993896484,75.5632095336914,56.189998626709,60.3000011444092,69.96333312988284,30.6100006103516,30.4562587738037,17.62700576782224,24.3700008392334,60.39400177001952,74.0899963378906,98.2099990844727,67.45333353678387,37.9033342997233,97.8899993896484,86.0599975585938,58.447021484375,93.0100021362305,85.5800018310547,95.5699996948242,99.7716674804688,78.3338165283203,99.5199966430664,87.870002746582,60.03000183105472,68.89020429338728,68.55909312855113,22.9286041259766,14.2275915145874,73.9166660308838,84.8399963378906,59.900001525878935,66.6699981689453,58.52222315470375,94.2799987792969,75.85372460406762,96.8899993896484,75.9715624757715,92.10646247863764,76.1502532958984,96.8249053955078,83.06003921910337,38.1591262817383,88.52433122907362,50.32364856253646
2013,14.8729901313782,37.78061790466305,9.410000324249264,9.56999969482422,11.26158618927,31.483502388000502,55.5324516296387,66.6789779663086,25.165454542914148,40.4031372070312,57.1199989318848,48.4000015258789,46.189998626709,22.6900005340576,22.7285987854004,93.3555145263672,95.3899993896484,76.0899963378906,56.189998626709,61.2700004577637,71.1100006103516,28.7399997711182,30.710941791534424,18.02401199340818,25.2199993133545,61.26600189208983,74.7699966430664,98.2099990844727,68.63999938964845,38.810001373291,98.0199966430664,86.6399993896484,81.5699996948242,93.0199966430664,85.5800018310547,95.6930160522461,99.7574234008789,83.1469650268555,99.6999969482422,88.5,64.49000244140628,68.61030796595983,71.64091144908556,37.439998626709,14.2275915145874,74.35333251953126,87.0800018310547,61.50000190734865,69.7900009155273,60.4700012207031,91.0800018310547,76.58675915261976,96.8899993896484,78.01190255139323,92.57292556762692,76.1502532958984,96.8249053955078,84.400363119025,38.1591262817383,89.40866306849885,50.762561740710346
2014,12.8159799575806,36.9921348571777,9.39000034332275,8.395569801330565,10.036300818125394,33.340253353118904,55.4580039978027,75.1500015258789,25.7146320343018,42.152193069458,57.6599998474121,49.6100006103516,47.310001373291,22.6100006103516,23.79013671875,93.6479110717773,95.4300003051758,77.5313339233398,56.189998626709,62.25,68.84000015258793,30.7700004577637,30.96562480926515,18.42101821899412,26.9699993133545,62.13800201416014,75.5199966430664,98.2099990844727,69.82666524251303,43.2921333312988,95.5599975585938,86.120002746582,82.3399963378906,93.0699996948242,85.5800018310547,96.4599990844727,99.0999984741211,98.9182662963867,91.5100021362305,89.0899963378906,68.95000305175785,68.33041163853237,74.72272976962002,34.80519104003908,14.2275915145874,74.78999900817873,87.3899993896484,63.10000228881837,70.9100036621094,61.55000114440915,91.4499969482422,77.3197937011719,93.107795715332,80.05224262701498,93.03938865661618,76.1502532958984,93.78142547607422,85.74068701894662,38.1591262817383,90.29299490792408,51.24892054355944
2015,13.4787950515747,36.20365180969235,9.71992015838623,7.22113990783691,8.811015446980786,35.197004318237305,57.7911262512207,75.4300003051758,25.7146320343018,43.9012489318848,58.8600006103516,50.5299987792969,48.0299987792969,22.4647998809814,24.8516746520996,93.8281555175781,95.4800033569336,78.5100021362305,56.189998626709,63.3800010681152,66.56999969482425,36.4900016784668,31.22030782699588,18.81802444458006,24.5420551300049,63.010002136230455,76.1399993896484,98.2099990844727,71.01333109537762,44.4231071472168,95.7300033569336,86.5299987792969,84.6399993896484,93.6800003051758,85.5800018310547,96.7399978637695,99.120002746582,99.2791137695312,91.629997253418,89.6699981689453,73.4100036621094,68.05051531110492,77.80454809015447,32.17038345336916,14.942790137396912,75.22666549682617,87.8899993896484,64.70000267028809,68.5126342773438,62.6300010681152,92.3899993896484,77.753044128418,93.55350367228186,82.0925827026367,93.50585174560544,76.1502532958984,90.73794555664062,87.08101091886823,38.1591262817383,91.17732674734933,51.58909701879674
2016,14.1416101455688,35.415168762207,13.327147006988517,8.93019008636475,7.58573007583618,37.0537552833557,58.7880935668945,69.5304641723633,25.7146320343018,40.82352447509765,61.3899993896484,52.3699989318848,47.2599983215332,29.1907749176025,25.9132125854492,94.2608032226562,95.6999969482422,78.2450332641602,56.189998626709,63.5999984741211,64.29999923706058,36.9199981689453,31.4749908447266,19.215030670166,68.19580078125,63.88200225830076,76.2699966430664,98.2099990844727,72.1999969482422,42.5999984741211,96.2600021362305,87.1800003051758,85.7200012207031,94.1699981689453,85.5800018310547,96.4400024414062,99.129997253418,99.5080795288086,92.3199996948242,90.25,58.83406829833985,67.77061898367745,80.88636641068891,29.53557586669924,15.657988760206422,75.66333198547363,89.5679702758789,66.3000030517578,73.4800033569336,63.710000991821246,92.379997253418,78.9200744628906,93.99921162923174,78.42742919921874,93.97231483459473,76.1502532958984,87.69446563720703,88.42133481878984,38.1591262817383,92.06165858677454,53.73468715395723
2017,21.287633895874,36.21536445617675,16.9343738555908,10.2600002288818,7.554340044657387,38.9105062484741,73.5100021362305,71.1399993896484,25.7146320343018,37.7458000183105,62.0,53.5499992370605,48.0099983215332,29.419340133667,26.9747505187988,94.6484985351562,95.0186920166016,79.6600036621094,56.189998626709,63.9199981689453,62.0299987792969,38.4599990844727,33.94749450683595,26.6225490570068,27.5699996948242,64.75400238037108,76.8300018310547,98.2099990844727,80.7349472045898,45.5108604431152,96.6059036254883,87.9000015258789,86.3099975585938,94.4400024414062,85.5800018310547,96.3849868774414,99.1399993896484,99.6481857299805,86.5357666015625,90.8099975585938,44.2581329345703,67.49072265625,83.96818473122335,26.90076828002932,16.373187383015935,76.0999984741211,89.4828186035156,68.0699996948242,75.7699966430664,64.7900009155273,92.8199996948242,80.6394119262695,94.4449195861816,74.76227569580077,94.43877792358396,76.1502532958984,84.65098571777345,89.76165871871147,38.1591262817383,92.94599042619976,52.994936089294605
2018,20.84965896606445,37.0155601501465,11.0799999237061,9.60991954803467,7.522950013478593,40.7672572135925,60.8761291503906,71.7822723388672,25.7146320343018,39.32162628173824,63.2000007629395,55.0099983215332,49.25,28.8683757781982,26.9747505187988,94.9135131835938,96.0800018310547,80.5999908447266,56.189998626709,64.0400009155273,67.689998626709,39.8600006103516,36.4199981689453,25.6694593429565,15.75,65.62600250244138,78.0899963378906,98.2099990844727,81.7434310913086,43.7299995422363,96.8993148803711,88.5903091430664,67.5418243408203,94.4749984741211,85.5800018310547,96.6699981689453,98.8222732543945,99.2231063842773,93.7600021362305,95.7392654418945,44.258186340332,77.870002746582,87.0500030517578,24.2659606933594,17.088386005825445,78.25,89.1779251098633,77.8499984741211,78.0411148071289,66.94999949137367,93.4700012207031,81.9472961425781,94.89062754313146,71.0971221923828,94.90524101257324,76.1502532958984,81.60750579833987,91.10198261863307,38.1591262817383,93.830322265625,53.62517938135995
2019,20.4116840362549,34.9043312072754,18.2043857574463,8.94958972930908,7.4915599822998,42.6240081787109,72.4759979248047,68.9000015258789,25.7146320343018,40.897452545165976,64.4599990844727,56.5699996948242,51.0400009155273,29.4500007629395,26.9747505187988,94.8671493530273,97.6509704589844,81.3367691040039,56.189998626709,65.6900024414062,73.3499984741211,41.1300010681152,36.1479682922363,24.7163696289062,22.0699996948242,66.4980026245117,79.4199981689453,98.2099990844727,75.0400009155273,47.6300010681152,97.164665222168,88.8199996948242,88.5699996948242,94.6612014770508,85.5800018310547,96.8600006103516,99.0899963378906,99.4000015258789,88.1112060546875,91.8099975585938,44.2581443786621,77.625,64.0798721313477,24.348875681559267,17.803584628634955,82.0,89.871940612793,78.875,78.9871444702148,69.10999806722003,93.870002746582,81.5637664794922,95.33633550008132,84.1297988891602,95.3717041015625,76.1502532958984,78.56402587890628,92.4423065185547,38.1591262817383,93.93854268391928,54.243167959595624
2020,26.551011085510247,38.64720153808595,14.6015996932983,11.089991251627588,9.983793258667,42.6240081787109,47.6760749816895,78.2951202392578,25.7146320343018,42.47327880859372,66.6600036621094,58.8499984741211,52.4700012207031,31.210762023925803,26.9747505187988,95.2390670776367,96.5500030517578,83.0500030517578,56.189998626709,66.6300010681152,65.7799987792969,43.2450008392334,40.0699996948242,25.65074443817135,24.93270778656005,67.370002746582,80.4599990844727,98.2099990844727,85.0406951904297,49.1190032958984,97.6100006103516,89.5599975585938,69.5346221923828,94.879997253418,85.5800018310547,96.8767700195312,98.509407043457,99.7699966430664,95.0699996948242,96.4730224609375,59.613206863403306,77.379997253418,64.0798721313477,24.43179066975913,18.518783251444468,82.01499938964845,90.5706176757812,79.9000015258789,82.3019485473633,71.2699966430664,94.5800018310547,82.0299987792969,95.7820434570312,84.9617614746094,81.46334838867185,76.1502532958984,75.52054595947268,93.09930928548177,38.1591262817383,94.04676310221352,56.041860868847294
2021,32.6903381347656,42.3900718688965,20.8754482269287,13.230392773946091,12.4760265350342,42.6240081787109,46.8118629455566,83.0400009155273,25.7146320343018,44.049105072021455,67.4000015258789,59.2900009155273,54.310001373291,32.9715232849121,26.9747505187988,95.6152420043945,95.4242782592773,85.0017929077148,56.189998626709,67.5699996948242,64.7939682006836,45.3600006103516,41.2036437988281,26.5851192474365,27.7954158782959,67.370002746582,82.5899963378906,98.2099990844727,86.7094039916992,50.0710372924805,98.0978240966797,90.4599990844727,70.2372970581055,95.1631698608398,85.5800018310547,97.7458801269531,86.59814453125,99.8702087402344,90.3643493652344,94.7414093017578,74.9682693481445,76.16999816894533,64.0798721313477,24.514705657959,19.233981874253978,82.0299987792969,90.4493942260742,80.63500213623045,85.6061859130859,69.5205459594727,94.5199966430664,82.0299987792969,95.7820434570312,84.9617614746094,67.5549926757812,76.1502532958984,72.4770660400391,93.75631205240884,38.1591262817383,94.1549835205078,56.7580354620298
2022,32.6903381347656,64.6892700195312,15.7399997711182,15.3707942962646,12.4760265350342,42.6240081787109,46.8118629455566,76.0601959228516,25.7146320343018,45.6249313354492,67.870002746582,61.2900009155273,57.4799995422363,30.2276496887207,26.9747505187988,95.9839477539062,96.6500015258789,83.1999969482422,56.189998626709,67.1500015258789,63.6305389404297,43.232349395752,40.9599990844727,26.5851192474365,27.7954158782959,67.370002746582,82.9000015258789,98.2099990844727,79.0299987792969,51.1599998474121,98.2849807739258,91.0400009155273,71.1810989379883,95.7140884399414,85.5800018310547,97.873649597168,95.9295043945312,99.8759155273438,90.9987258911133,94.9234924316406,93.2600021362305,74.95999908447267,64.0798721313477,24.514705657959,19.949180497063487,83.4499969482422,90.7246170043945,81.370002746582,86.6500015258789,71.8790893554688,95.0299987792969,82.0299987792969,95.7820434570312,84.9617614746094,67.5549926757812,76.1502532958984,72.4770660400391,94.4133148193359,38.1591262817383,94.1549835205078,57.474699466848776
2023,32.6903381347656,64.6892700195312,20.5178680419922,15.3707942962646,12.4760265350342,42.6240081787109,46.8118629455566,76.9785003662109,25.7146320343018,45.6249313354492,69.9547119140625,62.1794776916504,57.4799995422363,29.9344348907471,26.9747505187988,96.0787582397461,97.8671188354492,85.9587631225586,56.189998626709,67.7313461303711,63.6305389404297,43.232349395752,43.5,26.5851192474365,27.7954158782959,67.370002746582,82.9000015258789,98.2099990844727,79.0299987792969,51.9336051940918,98.2849807739258,91.0400009155273,72.813346862793,95.7140884399414,85.5800018310547,98.0365600585938,95.9295043945312,99.8759155273438,90.9987258911133,94.9234924316406,93.2600021362305,73.75,64.0798721313477,24.514705657959,20.664379119873,83.4499969482422,90.7246170043945,88.5999984741211,86.6500015258789,75.6534576416016,92.3012619018555,82.0299987792969,95.7820434570312,84.9617614746094,67.5549926757812,76.1502532958984,72.4770660400391,94.4133148193359,38.1591262817383,94.1549835205078,58.29754208338771
