year,Afghanistan,Africa Eastern and Southern,Africa Western and Central,Albania,Algeria,American Samoa,Andorra,Angola,Antigua and Barbuda,Arab World,Argentina,Armenia,Aruba,Australia,Austria,Azerbaijan,"Bahamas, The",Bahrain,Bangladesh,Barbados,Belarus,Belgium,Belize,Benin,Bermuda,Bhutan,Bolivia,Bosnia and Herzegovina,Botswana,Brazil,British Virgin Islands,Brunei Darussalam,Bulgaria,Burkina Faso,Burundi,Cabo Verde,Cambodia,Cameroon,Canada,Caribbean small states,Cayman Islands,Central African Republic,Central Europe and the Baltics,Chad,Channel Islands,Chile,China,Colombia,Comoros,"Congo, Dem. Rep.","Congo, Rep.",Costa Rica,Cote d'Ivoire,Croatia,Cuba,Curacao,Cyprus,Czechia,Denmark,Djibouti,Dominica,Dominican Republic,Early-demographic dividend,East Asia & Pacific,East Asia & Pacific (IDA & IBRD countries),East Asia & Pacific (excluding high income),Ecuador,"Egypt, Arab Rep.",El Salvador,Equatorial Guinea,Eritrea,Estonia,Eswatini,Ethiopia,Euro area,Europe & Central Asia,Europe & Central Asia (IDA & IBRD countries),Europe & Central Asia (excluding high income),European Union,Faroe Islands,Fiji,Finland,Fragile and conflict affected situations,France,French Polynesia,Gabon,"Gambia, The",Georgia,Germany,Ghana,Gibraltar,Greece,Greenland,Grenada,Guam,Guatemala,Guinea,Guinea-Bissau,Guyana,Haiti,Heavily indebted poor countries (HIPC),High income,Honduras,"Hong Kong SAR, China",Hungary,IBRD only,IDA & IBRD total,IDA blend,IDA only,IDA total,Iceland,India,Indonesia,"Iran, Islamic Rep.",Iraq,Ireland,Isle of Man,Israel,Italy,Jamaica,Japan,Jordan,Kazakhstan,Kenya,Kiribati,"Korea, Dem. People's Rep.","Korea, Rep.",Kosovo,Kuwait,Kyrgyz Republic,Lao PDR,Late-demographic dividend,Latin America & Caribbean,Latin America & Caribbean (excluding high income),Latin America & the Caribbean (IDA & IBRD countries),Latvia,Least developed countries: UN classification,Lebanon,Lesotho,Liberia,Libya,Liechtenstein,Lithuania,Low & middle income,Low income,Lower middle income,Luxembourg,"Macao SAR, China",Madagascar,Malawi,Malaysia,Maldives,Mali,Malta,Marshall Islands,Mauritania,Mauritius,Mexico,"Micronesia, Fed. Sts.",Middle East & North Africa,Middle East & North Africa (IDA & IBRD countries),Middle East & North Africa (excluding high income),Middle income,Moldova,Monaco,Mongolia,Montenegro,Morocco,Mozambique,Myanmar,Namibia,Nauru,Nepal,Netherlands,New Caledonia,New Zealand,Nicaragua,Niger,Nigeria,North America,North Macedonia,Northern Mariana Islands,Norway,Not classified,OECD members,Oman,Other small states,Pacific island small states,Pakistan,Palau,Panama,Papua New Guinea,Paraguay,Peru,Philippines,Poland,Portugal,Post-demographic dividend,Pre-demographic dividend,Puerto Rico,Qatar,Romania,Russian Federation,Rwanda,Samoa,San Marino,Sao Tome and Principe,Saudi Arabia,Senegal,Serbia,Seychelles,Sierra Leone,Singapore,Sint Maarten (Dutch part),Slovak Republic,Slovenia,Small states,Solomon Islands,Somalia,South Africa,South Asia,South Asia (IDA & IBRD),South Sudan,Spain,Sri Lanka,St. Kitts and Nevis,St. Lucia,St. Martin (French part),St. Vincent and the Grenadines,Sub-Saharan Africa,Sub-Saharan Africa (IDA & IBRD countries),Sub-Saharan Africa (excluding high income),Sudan,Suriname,Sweden,Switzerland,Syrian Arab Republic,Tajikistan,Tanzania,Thailand,Timor-Leste,Togo,Tonga,Trinidad and Tobago,Tunisia,Turkiye,Turkmenistan,Turks and Caicos Islands,Tuvalu,Uganda,Ukraine,United Arab Emirates,United Kingdom,United States,Upper middle income,Uruguay,Uzbekistan,Vanuatu,"Venezuela, RB",Viet Nam,Virgin Islands (U.S.),West Bank and Gaza,World,"Yemen, Rep.",Zambia,Zimbabwe
1960,354.6,,,,239.6,,,,82.6,,,,,24.9,42.8,,,197.9,262.5,84.9,44.9,33.9,,309.4,,,291.0,,167.1,169.1,90.3,89.2,54.4,343.4,,174.8,,279.5,32.6,,,278.8,,,,152.8,,135.1,,,193.9,96.2,318.8,,44.1,,,24.8,25.0,,138.1,147.5,,,,,176.1,318.3,184.9,,,,208.8,,,,,,,,79.2,26.8,,28.5,,223.2,361.1,,,208.9,,46.2,,95.0,,221.4,348.7,,92.5,291.6,,,207.5,,54.0,,,,,,21.4,241.7,223.9,,190.8,35.3,,47.1,51.9,81.8,39.7,155.3,,196.4,199.7,113.2,112.4,,140.1,,,,,,,,,74.7,186.5,311.7,277.7,,,,,,37.3,,,,94.6,,,39.9,121.9,253.6,102.9,155.4,126.0,,,,,,,,,243.2,,,,,326.4,20.8,,27.9,197.5,,,,,,22.6,,,369.7,,,251.8,,92.8,198.5,82.4,228.9,102.0,65.0,114.3,,,,,88.1,45.5,220.8,107.4,,,,296.0,,104.6,390.1,47.7,,36.7,,,168.0,,,,,357.7,54.7,93.9,,134.4,,,,,,177.8,,19.6,26.5,170.2,,241.4,147.0,,260.1,,68.0,,256.9,,138.4,176.6,222.9,,200.5,26.6,30.1,,63.4,,151.3,80.1,,,,,428.7,204.6,151.1
1961,348.9,,,,239.9,,,,77.4,,,,,24.3,40.2,,,181.4,256.1,78.8,40.5,32.5,,304.5,,,284.8,,161.9,164.6,84.9,82.6,48.7,339.4,,171.9,,273.4,31.6,,,273.6,,,,148.5,,130.7,,,186.4,93.5,310.8,,44.4,,,24.4,24.5,,125.7,146.3,,,,,170.6,308.0,180.8,,,,205.6,,,,,,,,75.6,25.2,,27.0,,216.4,353.9,,,206.8,,45.1,,88.4,,216.1,346.6,,88.6,287.0,,,200.8,,51.2,,,,,,21.1,238.4,217.7,,179.8,33.8,,44.8,49.8,78.0,36.2,146.3,,188.2,194.7,111.6,106.9,,130.9,,,,,,,,,72.3,185.8,312.0,259.9,,,,,,35.5,,,364.1,88.4,,,38.5,116.1,247.2,98.4,148.9,121.0,,,,,,,,,238.3,,,,,322.4,20.3,,26.8,195.4,,,,,,22.1,,,353.2,,,242.9,,90.1,192.4,81.7,222.6,98.9,60.0,110.0,,,,,79.6,42.6,215.9,103.1,,,,295.7,,103.2,384.5,43.7,,34.7,,,161.5,,,,,354.9,52.0,89.7,,128.9,,,,,,174.9,,19.2,26.0,161.8,,239.7,141.9,,257.5,,65.7,,249.2,,129.3,169.5,219.1,,189.7,26.1,29.5,,62.1,,146.9,77.4,,,,,422.3,201.0,147.4
1962,343.7,,,,240.5,,,,71.7,,,,,23.7,38.0,,,165.9,250.2,73.5,36.7,31.2,,299.5,,,278.6,,157.0,160.4,79.7,76.8,44.2,335.8,,168.7,,268.0,30.5,,,268.4,,,,143.2,,126.4,,,179.5,92.7,302.9,,44.6,,,24.2,23.8,,114.6,144.8,,,,,165.6,298.0,177.1,,,,202.2,,,,,,,,72.2,23.8,,25.7,,209.9,347.1,,,205.2,,43.9,,81.6,,210.8,344.5,,85.4,282.6,,,194.2,,49.2,,,,,,20.7,235.4,211.9,,169.7,32.5,,42.6,47.6,74.6,32.8,137.9,,181.0,189.2,109.8,102.0,,122.0,,,,,,,,,70.1,185.9,311.5,243.1,,,,,,33.6,,,362.1,82.6,333.2,,37.3,110.7,240.8,92.9,143.0,116.0,,,,,,,,,233.3,,,,,317.8,19.7,,25.8,193.5,,,,,,21.6,,,337.7,,,234.4,,87.5,186.1,81.0,216.1,96.3,56.0,104.1,,,,,69.6,39.9,212.6,99.0,,,,296.4,,101.7,378.7,40.5,,33.2,,,154.9,,,,,352.0,49.3,86.9,,122.8,,,,,,172.3,,18.6,25.3,154.3,,237.8,137.1,,254.7,,63.6,272.9,241.1,,120.6,162.6,215.6,,179.5,25.6,28.9,,60.6,,142.4,75.1,,,,,415.2,197.9,143.1
1963,338.4,,,,241.3,,,,65.9,,,,,23.2,35.9,,,151.4,245.0,68.8,33.6,30.0,,294.3,,,272.6,,152.6,156.2,74.9,71.7,40.9,332.5,,165.3,,263.5,29.4,,,263.2,,,,136.3,,122.4,,,173.1,92.5,295.2,,44.6,,,24.3,23.0,,104.3,142.9,,,,,160.7,288.3,173.5,,,,198.4,,,,,,,,69.1,22.5,,24.5,,203.7,340.4,,,204.0,,42.6,,75.1,,205.7,342.0,,82.7,278.0,,,187.8,,47.7,,,,,,20.2,232.6,206.1,,160.3,31.3,,40.6,45.4,71.7,29.7,130.1,,174.9,183.3,106.9,97.2,,113.6,,,,,,,,,68.1,186.5,310.5,226.8,,,,,,31.9,,,360.2,77.4,323.7,426.3,36.3,105.7,234.5,87.2,137.6,111.0,,,,,,,,,228.2,264.5,,,,312.3,19.2,,24.7,191.4,,,,,,21.0,,,323.3,,,226.5,,85.0,180.3,80.5,209.0,94.1,52.5,97.5,,,,,61.0,37.5,210.5,95.3,,,,297.2,,100.0,373.0,38.1,,32.1,,,148.3,,,,,349.5,46.9,84.7,,116.4,,,,,,169.6,,17.9,24.6,147.5,,235.7,132.2,,251.7,78.4,61.5,260.4,232.8,,112.7,155.6,212.1,,169.0,24.9,28.3,,59.3,,137.7,73.3,,,,,407.6,195.0,139.0
1964,333.1,,,,242.4,,,,59.9,,,,,22.7,34.2,,,138.0,240.4,64.7,30.9,28.9,,289.2,,,266.4,,148.7,152.4,70.3,67.3,38.8,329.6,240.4,161.9,,258.8,28.2,,,257.5,,,,126.8,,118.6,,,167.2,91.8,287.7,,44.3,,,24.4,22.1,,95.0,140.6,,,,,156.2,279.2,169.9,,,,194.5,,,,,,,,66.2,21.3,,23.3,,197.6,333.8,,,203.0,,41.2,,69.1,,200.8,339.4,,80.4,273.3,,,181.6,,46.2,,,,,,19.7,229.8,200.4,,151.7,30.0,,38.7,43.2,69.1,27.0,122.9,,170.0,177.0,102.9,92.3,,105.6,,,,,,,,,66.2,187.2,309.0,211.4,,,,,,30.3,,,358.4,72.9,314.7,418.7,35.3,101.0,228.0,83.7,132.4,106.4,,,,,,,,,222.8,266.2,,,,306.1,18.8,,23.8,189.1,,325.2,,,,20.4,,,308.8,,,219.3,,82.6,174.6,80.1,201.8,92.1,49.0,91.0,,,,,55.5,35.5,209.5,110.7,,,,298.0,,98.1,367.2,36.4,,31.4,,,141.8,,,,,346.6,44.5,82.8,,109.8,,,,,,167.3,,17.1,23.6,141.1,,233.3,127.5,,248.5,73.6,59.7,247.9,224.9,,105.3,148.7,208.7,,158.5,24.2,27.7,,58.3,,132.9,71.6,87.6,,,,399.5,192.6,134.8
1965,327.7,,,,243.5,,,,54.0,,,,,22.3,32.7,,,125.6,236.5,61.1,28.8,27.9,,284.0,,,260.3,,144.7,148.8,65.9,63.4,37.5,326.7,242.6,157.9,,253.2,27.1,,,251.9,,,,115.2,,115.0,,,161.4,90.1,280.3,,43.9,,,24.6,21.1,,86.6,138.0,,,,,152.3,271.0,166.4,,,,190.6,,,,,,,,63.6,20.2,,22.3,,191.4,327.1,,,202.5,,39.8,,63.9,,195.8,336.9,,78.6,268.7,,,175.4,,44.6,,,,,,19.1,227.3,229.1,,143.9,28.6,,36.8,41.1,66.9,24.7,116.3,,166.0,170.4,97.6,87.3,,98.2,,,,,,,,,64.7,187.6,306.9,196.9,,,,,,28.9,,,356.7,68.9,305.5,411.3,34.3,96.8,221.1,85.3,127.7,101.9,,,,,,,,,217.2,267.5,,,,299.3,18.3,,23.1,186.6,,318.5,,,,19.7,,,295.1,,,212.8,96.6,80.3,169.0,79.8,194.5,90.2,45.7,85.4,,,,,53.8,33.8,209.5,88.7,,96.0,,298.5,,95.6,361.4,35.0,,30.9,,,135.2,,,,,343.5,42.3,80.8,,103.1,,,,,,165.0,,16.3,22.6,135.0,,230.6,122.8,,245.2,69.0,58.1,235.9,217.3,,98.4,141.9,205.4,,147.8,23.4,27.1,,57.7,,128.1,70.1,86.9,,,,390.0,191.0,130.8
1966,322.7,,,,244.2,,,,48.5,,,,,22.1,31.5,,,114.1,233.3,58.0,27.0,27.0,,278.9,,,254.2,,140.9,145.5,61.9,60.1,36.8,324.2,244.4,153.7,,246.4,26.0,,,246.4,,,,103.8,,111.5,,,155.7,87.8,273.0,,43.2,,,24.7,20.1,,78.9,135.2,,,,,148.6,264.1,163.0,,,,186.6,278.1,,,,,,,61.4,19.2,,21.4,,185.7,320.6,,,202.3,,38.5,,59.5,,190.9,333.9,,77.1,263.9,,,169.3,,43.1,,,,,,18.5,224.8,188.9,,136.7,27.1,,35.2,39.3,64.8,22.7,110.2,,162.7,164.0,91.2,82.0,,91.4,,,,,,,,,63.3,187.3,303.9,183.0,,,,,,27.4,,,354.3,65.5,296.1,404.0,33.1,92.8,214.2,92.3,123.2,97.5,,,,,,,,,211.5,268.8,,,,292.5,17.9,,22.5,184.0,,311.9,,,,19.0,,,281.7,,,207.3,93.6,78.2,163.5,79.5,187.7,88.4,42.9,81.0,,,,,56.3,32.3,210.8,85.4,,93.0,,298.2,,92.7,355.7,33.4,,30.5,,,128.4,,,,,340.4,40.3,78.2,,96.4,,,,,,163.0,,15.5,21.6,128.9,,227.8,118.2,,241.5,64.6,56.6,224.3,210.3,,91.9,135.3,202.4,,137.1,22.8,26.4,,57.4,,123.3,68.8,86.2,,,,379.5,189.8,127.0
1967,317.5,,,,244.5,,,,43.5,,,,,22.0,30.5,,,103.7,230.9,55.3,25.6,26.2,110.8,274.1,,,247.9,,136.9,142.2,58.0,57.1,36.3,322.0,246.3,148.9,,238.6,25.0,,,241.0,,,,94.1,,108.0,,,150.3,85.0,265.8,,42.2,,,24.8,19.0,,72.0,132.4,,,,,145.5,258.4,159.7,,,,182.6,248.1,,,,,,,59.7,18.4,,20.6,,180.1,314.2,,,202.5,,37.0,,55.9,,185.9,331.0,,76.0,259.1,,,163.2,,41.9,,,,,,17.8,222.3,183.2,,130.0,25.5,,33.7,37.8,62.8,21.0,104.4,,159.8,157.7,84.6,76.6,,85.1,,,,,,,,,62.2,186.0,300.4,169.9,,27.1,,,,26.1,,,352.2,62.7,286.9,397.1,31.9,89.1,207.0,97.9,118.9,93.4,,,,,,,,,205.8,270.0,,96.0,,285.9,17.4,,22.0,181.2,318.8,305.3,,,,18.3,,,268.2,,,202.3,90.5,76.0,158.2,79.2,181.4,86.7,40.6,77.8,,,,,62.4,31.2,212.8,82.1,,90.4,,297.3,,89.3,349.7,31.8,,30.2,,,121.6,,,,,336.6,38.3,75.5,,89.8,,,,,,161.3,,14.9,20.7,122.7,,224.8,113.6,,237.6,60.5,55.3,212.7,203.8,,85.8,128.9,199.2,,126.4,22.2,25.7,,57.0,,118.6,67.5,85.6,,,,367.9,188.7,123.6
1968,312.4,,,,243.8,,,,39.1,,,,,21.9,29.8,,29.4,93.9,229.3,52.8,24.5,25.5,106.1,269.4,,274.7,241.6,,132.8,139.0,54.5,54.5,35.5,319.6,248.3,143.8,,229.8,24.0,,,235.4,,,,86.8,,104.5,,,145.4,81.8,258.8,,41.1,,,24.7,18.1,,65.7,129.5,,,,,142.6,253.7,156.3,,,,178.4,247.8,,,,,,,58.4,17.6,,19.9,,174.5,307.8,,27.2,202.9,,35.2,,52.9,,180.7,327.8,,75.2,254.1,,,157.4,,40.8,,,,,,17.2,219.8,177.4,,123.8,24.1,,32.3,36.5,60.8,19.6,99.1,,156.9,151.7,78.4,71.2,,79.5,,,,,,,,,61.4,183.8,296.1,157.6,,26.5,,,,24.8,,145.7,350.3,60.2,277.6,390.5,30.6,85.5,200.3,94.5,114.8,89.5,,,,,,,,,200.3,270.7,181.1,96.4,,279.1,16.9,,21.6,178.0,322.8,298.4,,,,17.6,,,255.0,,,198.0,87.3,73.6,152.9,78.9,175.6,85.3,38.9,75.0,,,,,66.8,30.2,215.6,78.6,,88.3,,295.6,,85.2,344.3,30.1,,29.9,,,114.5,,,,,333.5,36.1,73.1,,83.3,,,,,,159.8,,14.4,19.9,116.5,,221.8,108.9,,233.4,56.5,54.0,201.6,197.8,,80.2,122.6,196.2,,115.9,21.8,24.9,,56.4,,113.9,66.1,84.8,,,,355.7,187.3,120.7
1969,307.1,,,,241.9,,,,35.4,,72.5,,,21.7,29.4,,29.9,84.9,228.4,50.3,23.7,24.8,101.6,264.6,,268.7,235.3,,128.5,135.9,51.4,51.9,34.1,317.2,249.7,138.0,,221.1,23.0,,,230.1,,,,82.2,118.6,101.0,,252.5,141.0,78.5,251.7,,39.8,,,24.6,17.3,,60.0,126.6,,,,,139.8,249.9,153.0,,,,174.1,247.6,,,,,,,57.5,16.8,,19.1,,169.2,301.5,,26.4,203.0,,33.2,,50.6,,175.7,324.8,,74.7,249.1,,,151.5,,39.7,,,,,,16.6,217.3,171.7,,118.0,23.0,,31.1,35.1,58.7,18.5,94.2,,153.7,146.1,72.9,66.1,,74.4,,,,,,,,,60.8,180.8,291.1,146.0,,24.7,,,,23.6,,147.5,348.0,57.8,268.1,384.6,29.2,82.2,195.1,85.9,110.7,85.9,,,,,,,,,195.1,271.2,177.8,96.7,,272.7,16.4,,21.2,174.5,326.9,291.4,,,,16.9,,,242.0,,,194.0,84.1,71.0,147.9,78.4,170.4,84.0,37.4,71.9,,,,70.0,63.6,29.4,218.8,75.2,,87.0,,292.8,,80.7,338.7,28.6,,29.7,,,107.3,,,,,330.7,33.9,71.4,,77.1,,60.3,,,,158.5,,13.9,19.2,110.3,,218.6,104.3,,229.2,52.8,52.8,190.7,192.1,,74.8,116.5,193.9,,105.8,21.4,24.1,,55.3,,109.4,64.6,84.0,,,,343.0,184.8,118.5
1970,302.0,,,,238.8,,,,32.2,,71.7,,,21.5,29.1,,30.4,76.8,271.9,47.8,23.0,23.9,97.3,260.1,,262.2,229.2,,123.9,132.6,48.6,49.3,32.4,314.6,250.7,131.8,,212.8,22.0,,,224.8,,,,79.9,112.6,97.4,232.7,248.9,136.8,74.8,244.6,,38.3,,,24.3,16.6,,54.8,123.6,,,,,136.8,246.5,149.7,,,,169.6,247.2,,,,,,,56.9,16.1,,18.2,,164.1,294.9,,25.7,202.7,,31.4,,48.7,,170.6,321.9,,74.3,244.1,,,145.8,,38.8,,,,,,16.0,214.5,166.1,,112.6,22.2,,30.1,33.5,56.4,17.4,89.6,,150.3,140.9,68.2,61.3,,69.9,,,,,,,,,60.2,177.3,285.9,135.3,,22.7,,,,22.3,,149.0,344.2,55.6,258.3,378.5,27.9,79.0,191.6,80.5,106.8,82.6,,,,,,,,,190.6,271.2,174.4,96.8,,266.5,15.8,,20.8,170.7,331.3,284.0,,,,16.2,,,229.1,,,190.4,80.5,67.9,143.0,77.8,197.3,83.1,36.0,68.0,,,,65.4,55.7,28.8,222.0,71.7,,86.4,,289.0,,75.8,333.2,27.1,,29.5,,,100.2,,,,,326.8,31.6,70.2,,71.2,,64.2,,,,157.5,,13.4,18.4,104.4,,215.4,99.5,,224.8,49.4,51.8,180.4,186.6,,69.8,110.6,192.7,,96.3,21.0,23.2,,54.0,,105.0,63.0,83.1,,,,330.3,181.1,116.8
1971,296.8,,,,234.5,,,,29.6,,70.9,,,21.0,28.7,,30.8,69.4,367.2,45.5,22.5,22.9,93.1,255.5,,256.0,222.9,,119.1,129.2,46.0,46.5,31.1,311.3,251.1,125.3,,205.5,20.9,,,220.0,,,,78.8,106.9,93.7,226.6,245.5,133.0,70.1,237.0,,36.6,,38.0,23.9,15.8,,50.1,120.2,,,,,133.5,242.8,146.4,,,,164.7,247.0,,,,,,,56.5,15.4,,17.4,,159.0,288.4,,24.9,201.5,,29.9,,47.1,,165.5,318.7,,74.0,238.9,,,140.1,,38.4,,,,,,15.4,211.4,160.7,188.2,107.4,21.7,,29.1,31.8,54.1,16.5,85.2,85.3,146.9,136.2,64.3,57.2,,65.7,,,,,,,,,59.8,173.6,281.2,125.4,,21.5,,,,21.1,,150.9,338.7,53.2,247.8,372.2,26.5,76.1,189.9,80.9,102.9,79.3,,,,,63.6,,,,186.3,270.9,171.2,97.3,,260.6,15.3,,20.3,166.4,335.8,276.2,,,,15.6,,,216.8,,,187.2,76.8,64.5,138.2,77.2,160.9,82.4,34.4,63.3,,,,61.1,49.4,28.4,225.2,68.4,,86.3,,283.9,,70.8,328.1,25.6,,29.2,,,93.3,,,,,323.3,29.3,69.4,70.9,65.5,,68.2,,,,156.5,,12.9,17.6,98.9,,212.1,94.9,,220.2,46.2,50.6,170.6,181.1,,65.2,104.9,192.4,33.2,87.3,20.6,22.4,,53.3,,100.7,61.2,82.2,,,,317.9,176.1,115.6
1972,291.4,,,,229.0,,,,27.4,,69.8,,,20.3,28.0,,31.2,62.9,227.5,43.1,22.2,21.9,89.3,250.9,,249.4,216.6,,114.3,125.8,43.9,43.6,30.2,306.5,318.4,118.7,,199.7,19.9,,,215.5,,253.3,,77.7,101.3,90.0,220.8,241.9,129.4,64.5,229.1,,34.8,,37.1,23.4,14.9,,45.9,116.7,,,,,129.6,238.4,142.8,,,,159.5,246.4,,,,,,,56.1,14.6,,16.6,,154.2,281.9,,24.0,199.3,,28.6,,45.8,,160.5,315.4,,73.8,233.4,,,134.7,,38.5,,,,,,14.8,208.1,155.5,179.3,102.5,21.4,,28.2,29.8,51.8,15.7,81.1,83.3,143.4,132.1,60.9,53.6,,61.8,,,,,,,,,59.3,169.5,276.6,116.4,,21.2,,,,19.9,,153.0,331.7,50.6,236.6,365.7,25.2,73.6,189.7,82.2,99.1,76.4,,,,,61.9,,,,182.4,270.0,167.7,97.8,,254.9,14.7,,19.8,187.2,339.4,268.0,,,,15.0,,,204.5,,,184.2,73.0,60.9,133.7,76.4,156.1,82.1,32.4,58.0,,,,57.2,46.7,28.0,229.0,65.1,,86.7,159.7,277.6,,65.8,322.9,23.9,,28.8,,,86.8,,,,,319.9,27.2,68.6,68.2,60.2,,72.0,,,,155.7,,12.3,16.7,93.7,155.3,208.4,90.3,,215.5,43.5,49.6,161.2,175.5,,60.9,99.2,193.2,32.1,79.0,20.0,21.5,,53.3,,96.6,59.4,81.2,,,,306.1,170.4,114.8
1973,286.1,,,,222.4,,,,25.5,,68.2,,,19.4,26.8,,31.4,57.1,226.9,40.8,22.0,20.8,85.7,246.0,,243.1,210.1,,109.5,122.4,42.0,40.6,29.6,300.3,251.5,112.0,,195.7,18.9,,,211.4,,251.7,,75.4,95.7,86.1,215.2,238.1,126.4,58.3,220.7,,33.0,,36.3,22.9,13.9,,42.1,112.8,,,,,125.0,232.8,139.0,,,,153.8,246.2,,,,,,,55.8,13.9,,16.0,,149.4,275.3,,23.1,196.1,,27.7,,44.7,,155.5,312.0,,73.6,228.1,,,129.2,,38.4,,,,,,14.1,204.5,150.4,170.5,97.9,21.1,,27.2,27.6,49.5,14.9,77.2,81.3,139.5,128.9,57.7,50.6,,58.1,,,,,,,,,58.8,165.2,272.1,108.2,,21.4,,,,18.8,,155.3,323.7,47.9,224.9,358.8,23.9,71.6,190.2,79.0,95.5,73.7,,,,,60.3,,,,178.3,269.2,164.0,98.4,,249.3,14.1,,19.4,156.3,342.2,259.7,,,,14.3,,,192.4,,,181.2,69.0,57.4,129.4,75.4,151.4,81.9,30.5,52.7,,,,53.6,45.6,27.8,234.0,62.1,,87.2,149.1,270.3,,60.7,318.0,21.8,,28.4,,,80.9,,,,,316.0,25.2,67.6,65.6,55.2,,75.2,,,,154.7,,11.6,15.8,88.9,150.3,204.5,85.8,,210.9,41.0,48.4,151.9,169.8,,56.9,93.5,195.1,31.2,71.5,19.4,20.6,,53.9,,92.6,57.5,80.1,,,,294.9,164.8,114.3
1974,280.7,,,,214.9,,,,23.9,,66.1,,,18.4,25.0,,31.5,52.1,225.9,38.6,21.9,19.7,82.3,241.0,,236.6,203.7,,104.5,119.0,40.5,37.5,29.1,292.3,251.4,105.5,,192.9,17.9,,,207.4,,250.1,,71.0,90.2,82.1,209.5,234.6,123.1,51.8,212.1,,31.2,,35.2,22.3,13.1,,38.7,108.7,,,,,119.9,225.6,134.8,,217.2,,147.8,246.1,,,,,,,55.1,13.1,,15.4,,144.7,268.5,,22.0,191.7,,26.9,,43.6,,150.5,308.4,,73.4,222.6,,,148.9,,37.3,,,,,,13.5,200.4,145.6,162.0,93.5,20.6,,26.1,25.3,47.4,14.0,73.6,79.5,135.5,126.6,54.8,48.1,,54.5,,,,,,,,,58.2,160.5,267.4,101.0,,22.0,,,,17.7,,157.7,315.1,45.1,212.9,351.2,22.6,69.9,190.1,71.9,91.9,71.2,,,,,58.6,,,,173.7,268.4,160.4,99.2,,243.8,13.6,,18.9,150.2,343.2,251.4,,,,13.6,,,180.4,,,178.5,64.9,54.3,125.3,74.3,146.6,81.8,29.0,47.8,,,,50.3,44.3,27.7,239.6,59.1,,87.9,139.5,262.1,,55.7,313.5,19.5,,27.8,,,75.3,,129.3,,,312.6,23.3,66.1,63.1,50.7,,77.0,,,,153.8,,11.0,14.8,84.4,145.3,200.5,81.6,,206.3,38.9,47.3,142.8,164.1,,53.0,88.0,198.1,30.3,64.5,18.7,19.7,,54.6,,88.8,55.7,78.9,,,,283.8,160.0,114.2
1975,275.4,,,,206.6,,,,22.5,,63.3,,,17.3,23.0,,31.4,47.7,224.1,36.4,21.8,18.6,79.1,236.0,,230.0,197.2,,99.1,115.6,39.2,34.5,28.6,282.8,250.7,99.4,,191.2,17.0,,,203.6,,248.5,,64.3,84.7,78.1,204.1,230.8,120.2,45.4,203.4,,29.4,,33.7,21.6,12.3,,35.6,104.7,,,,,114.6,217.0,130.4,,212.5,,141.8,245.8,,,,,,,54.2,12.3,,15.0,,140.3,261.7,70.5,20.8,186.8,,26.0,,42.6,,145.6,304.5,,73.1,217.0,,,118.8,,35.2,,,,,,12.9,195.9,141.0,153.3,89.4,20.0,,24.8,23.1,45.4,13.3,70.1,77.9,131.2,124.9,52.1,46.0,,51.2,112.2,,,,,,,,57.3,155.2,262.7,94.4,,22.5,,,,16.7,,160.2,306.1,42.3,201.1,343.1,21.4,68.7,188.7,63.9,88.3,68.9,,,,,57.0,,,,168.4,267.4,156.8,100.1,,238.2,13.1,,18.3,143.7,342.2,243.4,,,,12.9,,,168.5,,,176.0,61.1,51.6,121.5,73.1,142.2,81.8,27.9,43.5,,,,47.3,42.4,27.6,245.8,56.2,,88.5,130.5,252.8,,50.8,308.7,17.5,,27.1,,,78.2,,122.9,,,309.1,21.7,64.0,60.9,46.6,,76.9,,,,152.8,,10.3,13.8,80.0,140.9,196.3,77.6,,201.7,36.9,46.0,133.9,158.1,,49.5,82.8,202.2,29.5,58.2,18.0,18.8,,54.9,,85.2,53.9,77.5,,107.4,,272.2,156.6,114.3
1976,269.7,,,,197.6,,,,21.1,,59.8,87.0,,16.2,21.1,,31.2,43.9,221.6,34.3,21.8,17.6,75.9,230.9,,223.3,191.0,,93.5,112.0,38.1,31.5,27.9,272.8,249.2,94.0,,190.0,16.0,,,200.0,,247.1,,56.5,79.4,74.0,198.4,226.9,117.5,39.3,195.0,,27.7,,31.7,20.8,11.7,171.5,32.9,100.8,,,,,109.3,207.5,125.8,,208.1,,135.8,245.5,,,,,,,52.8,11.4,,14.4,,135.9,255.1,68.0,19.6,181.5,,24.9,,41.6,,164.8,300.4,,72.7,211.5,,,113.8,,32.5,,,,,,12.2,191.0,136.5,144.5,85.4,19.1,,23.4,21.1,43.7,12.5,66.8,76.5,126.8,123.5,49.6,44.2,,47.9,109.9,,,,,,,,56.3,149.2,258.2,88.6,,22.7,,,,15.8,,162.6,296.8,39.6,189.8,334.7,20.2,67.9,185.9,56.7,84.9,66.9,,,,,55.4,,,,162.4,266.7,153.1,100.9,,232.6,12.6,,17.7,136.7,339.3,235.7,,,,12.2,,,156.6,,,173.7,57.5,49.5,117.8,71.8,138.4,81.6,27.0,39.4,,,,44.6,40.5,27.6,250.8,53.4,,88.8,122.2,242.5,,46.0,304.2,16.1,,26.4,,,66.0,,116.7,,,305.3,20.2,61.2,58.9,42.9,,74.4,,,,151.7,,9.8,12.9,75.8,137.1,191.9,73.9,,197.0,35.2,44.7,125.2,152.1,,46.3,78.2,206.5,28.9,52.4,17.2,17.9,,54.1,,81.7,52.1,75.9,,101.0,,260.1,154.9,114.5
1977,264.0,,,,188.1,,,,19.7,,55.7,83.5,,15.2,19.5,,30.8,40.5,218.4,32.3,21.6,16.7,73.0,225.9,,216.6,184.9,,87.9,108.3,37.2,28.7,27.1,262.6,245.7,89.2,,188.5,15.1,,,196.7,,245.5,,48.8,74.4,69.9,192.8,223.2,114.6,33.9,187.2,,26.2,,29.2,19.9,11.1,166.8,30.5,97.1,,,,,104.5,197.7,120.9,,203.9,,129.9,245.1,,,,,,,51.1,10.6,,13.9,,131.6,248.7,65.6,18.3,176.5,,23.7,,40.5,,136.0,295.9,,72.2,206.1,,,108.9,,29.6,,,,,,11.5,185.7,132.4,135.3,81.7,18.0,,21.9,19.5,42.1,11.8,63.6,75.2,122.2,122.6,47.4,42.3,,44.8,107.6,,,,,,,,55.2,143.0,254.1,83.3,,22.4,,,,15.0,,164.8,286.8,37.1,179.2,326.2,19.2,67.0,181.6,50.9,81.5,65.1,,,,,53.9,,,,155.8,266.1,149.6,101.6,,226.7,12.1,,17.1,129.4,334.9,228.7,,,,11.5,,,144.9,,,171.4,54.1,47.7,114.4,70.3,135.1,81.3,26.2,35.6,,,,42.2,38.8,27.6,251.9,50.7,,89.2,114.2,231.8,,41.4,300.0,15.4,,25.5,,,61.9,,110.7,,,301.9,18.7,57.7,57.0,39.6,,70.2,,,,150.6,,9.4,12.1,71.6,134.1,187.6,70.4,,192.3,33.6,43.4,116.7,146.0,132.4,43.3,74.1,210.9,28.3,47.1,16.4,17.1,,51.8,,78.2,50.1,74.3,,95.1,,247.5,154.5,114.8
1978,258.1,,,96.5,177.8,,,,18.3,,51.2,80.0,,14.4,18.1,,30.4,37.6,214.6,30.4,21.4,15.9,70.2,221.2,,209.8,179.3,,82.4,104.4,36.3,26.1,26.0,253.6,240.3,85.4,286.9,186.5,14.2,,,193.5,,243.9,,42.0,69.8,65.9,187.0,219.7,111.8,29.5,180.2,,24.7,,26.5,18.9,10.6,161.9,28.4,93.5,,,,,100.0,187.7,115.8,,200.2,,124.2,244.1,,,,,,,49.0,9.9,,13.4,,127.4,242.3,63.3,17.1,172.4,,22.3,,39.3,,131.3,291.2,,71.7,200.7,,,104.1,,27.0,,,,,,10.9,180.1,128.4,126.0,78.3,16.8,,20.5,18.2,40.5,11.1,60.7,73.9,117.7,121.6,45.4,40.5,,41.9,105.2,216.2,,,,,,,53.8,136.5,250.3,78.7,,21.9,,,,14.4,,166.7,276.0,34.7,169.1,317.6,18.3,66.2,176.5,46.6,78.1,63.5,,,,,52.4,,175.0,,148.7,265.5,146.2,102.1,,220.5,11.6,,16.6,122.0,330.0,222.5,,,,10.9,,,133.2,,,169.2,51.2,46.2,111.1,68.7,132.1,80.7,25.4,32.3,,,,40.0,37.5,27.6,246.0,48.2,,89.7,106.8,221.6,,37.2,295.8,15.1,,24.6,,,58.4,,105.1,,,298.5,17.3,53.8,55.0,36.7,,64.8,,,,149.4,,9.0,11.4,67.6,131.9,183.7,67.1,,187.8,32.1,42.0,108.8,139.9,127.7,40.5,70.5,214.6,27.8,42.2,15.7,16.3,,48.3,,74.6,48.2,72.7,,89.6,,234.6,154.9,114.5
1979,252.1,,,88.7,166.4,,,,17.1,,46.7,76.7,,13.6,17.1,,29.9,34.9,210.3,28.6,21.0,15.2,67.5,216.4,,202.7,173.9,,77.3,100.2,35.5,23.6,25.0,245.6,232.8,82.5,208.7,183.3,13.3,,,190.7,,241.9,,36.8,65.9,62.1,181.3,216.2,109.3,26.4,174.1,,23.4,,23.9,17.9,10.3,157.4,26.6,90.1,,,,,95.5,177.9,110.5,,196.8,,118.9,242.8,,,,,,,46.9,9.2,,12.8,,123.3,235.9,61.0,16.0,169.4,,20.9,,37.9,,126.7,286.2,,71.2,195.5,,,99.4,,25.0,,,,,,10.3,174.6,124.5,117.0,75.2,15.6,,19.3,17.0,39.1,10.5,57.9,72.3,113.4,120.3,43.7,38.4,,39.0,102.6,210.3,,,,,20.8,,52.3,130.0,246.8,74.5,,21.1,,,,13.8,,168.9,265.0,32.5,159.5,309.0,17.6,65.2,171.2,43.3,74.9,62.2,,,,,51.1,,168.6,,141.6,265.3,143.0,102.1,,214.1,11.2,,16.1,114.9,325.8,217.3,,,,10.4,,,122.0,,,167.1,48.6,44.8,108.1,67.0,129.4,79.9,24.7,29.7,,,,38.0,36.7,27.4,234.0,45.8,,90.2,99.8,212.5,,33.4,291.8,14.9,,23.6,,,55.3,,99.8,,,295.2,16.0,49.9,52.8,34.1,,59.0,,,,148.3,,8.7,10.9,63.7,130.5,180.6,64.0,,183.3,30.8,40.7,101.7,133.8,123.1,37.9,67.5,217.0,27.2,37.9,14.9,15.6,,44.1,125.1,70.9,46.2,71.1,,84.2,,221.5,155.5,113.0
1980,246.0,,,81.4,153.2,,,239.9,15.9,,42.8,73.5,,13.0,16.3,,29.5,32.6,205.5,26.9,20.6,14.5,65.0,212.1,,195.4,168.9,,72.7,95.9,34.6,21.5,23.9,238.7,223.7,80.4,179.3,179.0,12.5,,,188.1,,240.0,,33.0,62.6,58.4,175.5,212.8,106.8,24.5,169.1,,22.1,,21.6,16.9,10.0,153.0,24.9,86.8,,,,,91.1,168.3,125.1,,193.9,22.5,113.4,241.0,,,,,,,44.7,8.7,,12.3,,119.4,229.8,58.8,15.0,167.2,,19.6,,36.5,,122.1,281.2,,70.5,190.5,,,94.8,,23.6,,,,,,9.7,169.1,120.7,108.3,72.2,14.3,,18.2,16.1,37.8,9.9,55.2,70.4,109.4,118.8,42.0,36.3,,36.0,99.7,204.6,,,,,20.7,,50.7,123.6,243.6,70.6,,20.3,,,,13.3,,171.3,256.4,30.3,150.5,300.8,16.9,64.2,166.2,40.3,71.6,61.2,,,,,49.7,,162.5,,134.7,265.4,140.0,101.5,,207.5,10.9,,15.6,108.0,323.0,213.1,,,,10.1,,,111.2,,,165.0,46.4,43.5,105.2,65.2,126.6,79.0,24.0,27.6,,,,36.1,35.9,27.2,218.5,43.6,,91.1,93.2,204.7,,30.1,288.1,14.6,,22.7,,,52.6,,94.9,,,291.8,14.9,46.2,50.4,31.8,,53.4,,,,147.1,,8.4,10.4,60.1,129.6,178.8,61.1,,179.0,29.7,39.4,95.2,127.8,118.4,35.4,64.8,218.7,26.5,34.0,14.1,15.0,,39.7,116.7,67.0,44.3,69.5,,79.2,,208.5,156.5,110.5
1981,239.7,,,74.9,137.8,,,237.2,14.9,,39.4,70.6,,12.5,15.5,,29.0,30.6,200.5,25.5,20.0,13.9,62.5,207.9,,188.2,164.3,,68.5,91.6,33.6,19.6,23.0,232.8,213.3,79.2,156.2,173.8,11.8,,,185.8,,237.8,,29.9,59.8,55.0,169.9,209.5,104.3,23.3,164.9,22.1,21.0,,19.6,16.0,9.7,148.8,23.5,83.6,,,,,86.6,158.7,99.9,,191.2,21.6,108.0,238.4,,,,,,,42.5,8.2,,11.9,,115.7,223.4,56.8,14.1,165.7,,18.3,,34.9,,117.5,276.3,,69.9,185.5,,,90.4,,22.7,,,,,,9.2,163.9,117.0,100.2,69.6,13.2,,17.4,15.2,36.5,9.3,52.7,68.3,105.7,117.1,40.4,34.0,,32.9,96.3,199.1,,,,,20.6,,48.9,117.5,240.9,67.1,,19.7,,,,12.9,,173.8,249.2,28.3,142.2,292.5,16.2,63.0,161.2,37.4,68.5,60.2,,,,,48.2,,156.7,,127.9,265.5,137.1,99.9,,200.9,10.6,,15.2,101.6,322.5,209.9,,57.0,,9.9,,,100.8,,,162.8,44.5,42.1,102.6,63.2,123.4,78.0,23.3,25.8,,,,34.4,34.5,27.0,201.7,41.7,,92.1,86.9,197.9,,27.4,284.5,14.0,,21.7,17.8,,50.3,,90.3,,,288.4,13.8,43.0,47.7,29.8,,48.2,,,,146.0,,8.2,10.0,63.0,128.9,177.9,58.3,,174.9,28.7,38.1,89.4,121.6,113.8,33.1,62.5,217.2,25.8,30.7,13.4,14.4,,36.0,109.0,63.1,42.5,67.9,,74.6,,195.8,157.3,106.4
1982,233.2,,,69.0,120.4,,,234.3,14.1,,36.6,67.7,,12.2,14.8,110.7,28.7,28.9,195.2,24.4,19.4,13.3,59.9,203.9,,180.9,159.8,,64.8,87.5,32.6,18.1,22.2,227.5,202.5,78.4,139.5,167.7,11.2,,,183.9,,235.4,,27.0,57.6,51.8,164.3,206.3,101.7,22.9,161.3,21.0,20.0,,17.8,15.2,9.6,144.7,22.2,80.6,,,,,82.1,148.9,94.6,201.1,188.3,20.9,102.6,235.3,,,,,,,40.5,7.9,,11.5,,112.1,217.0,54.8,13.2,164.2,,17.2,,33.4,,135.5,271.5,,69.2,180.5,,,86.2,,22.2,,,,,,8.7,159.1,113.3,93.0,67.1,12.4,,16.6,14.3,35.3,8.8,50.3,66.0,102.4,115.2,38.7,31.6,,29.9,92.6,193.8,,,,,20.3,,47.1,111.8,238.7,63.8,,19.2,,,,12.5,,176.0,245.2,26.4,134.6,284.4,15.6,61.6,156.3,34.5,65.4,59.5,,,,,46.5,,150.9,,121.3,264.9,134.3,97.7,,194.3,10.4,,14.8,95.8,324.6,207.9,,55.0,,9.9,,,90.9,,,160.5,42.8,40.6,100.2,61.1,119.8,76.8,22.6,24.2,,,,32.9,32.7,26.6,186.6,39.9,,93.7,81.1,191.8,,25.1,281.3,13.2,,20.8,16.9,,48.3,200.3,86.0,,,285.2,13.0,40.0,45.0,28.1,,43.4,,,,144.8,,8.0,9.7,70.3,127.8,177.8,55.6,,170.8,27.8,36.9,84.2,115.5,109.1,31.0,60.5,213.1,24.9,27.8,12.7,13.9,,33.1,101.7,59.3,40.8,66.4,,70.2,,183.8,158.6,100.9
1983,226.7,,,63.7,102.9,,,231.7,13.5,,34.1,65.1,,11.9,14.0,107.9,28.4,27.4,189.6,23.4,18.8,12.7,57.4,199.9,,173.6,155.3,,61.3,83.7,31.5,16.7,21.5,222.8,191.9,77.7,129.1,161.3,10.6,,,182.3,,232.7,,24.6,56.0,48.9,158.9,203.3,99.0,22.7,158.5,20.0,19.0,,16.1,14.7,9.6,140.6,21.2,77.7,,,,,77.7,138.8,89.4,197.1,185.4,20.2,107.7,231.4,,,,,,,38.6,7.6,,11.1,,108.7,210.4,53.0,12.5,162.2,,16.2,,31.8,,108.7,266.7,,68.5,175.7,,,82.0,,21.9,,,,,,8.2,154.5,109.6,86.7,64.9,11.7,,15.9,13.5,34.1,8.3,48.1,63.8,99.6,113.1,37.0,29.3,,27.2,88.5,188.5,,,,,19.7,,45.1,106.6,237.7,60.6,,18.8,,,,12.0,,177.6,244.9,24.7,127.4,276.4,15.1,60.0,150.9,31.6,62.5,58.7,,,,,44.6,,145.3,,115.0,263.6,131.7,94.8,,187.7,10.2,,14.5,90.7,328.6,207.0,,52.9,,10.0,,,81.8,,,158.1,41.4,39.1,97.8,59.0,115.5,75.5,21.9,22.8,,,,31.3,31.2,26.2,175.1,38.3,,95.7,75.6,185.6,,23.2,278.1,12.3,,19.9,16.1,,46.6,196.8,82.0,,,281.7,12.3,36.9,42.2,26.6,,39.1,,,,181.6,57.2,7.8,9.4,50.6,126.0,178.1,53.1,,166.9,27.1,35.8,79.3,109.5,104.3,29.0,58.8,207.4,24.0,25.3,12.2,13.4,,30.9,95.1,55.4,39.2,65.0,,66.2,,172.5,160.8,94.8
1984,220.3,,,58.9,87.3,,,229.5,13.1,,32.1,62.5,,11.6,13.3,105.1,28.2,26.1,183.8,22.6,18.2,12.2,54.9,196.1,,166.6,150.8,29.4,58.1,80.1,30.3,15.7,20.6,218.2,182.7,76.5,123.2,155.0,10.2,,,181.1,,229.9,,23.1,54.9,46.2,153.6,200.4,96.4,22.5,156.2,19.0,18.1,,14.6,14.4,9.6,136.7,20.2,74.8,,,,,73.4,128.7,84.3,193.0,182.2,19.6,91.7,227.3,,,,,,,36.9,7.4,,10.7,,105.6,203.7,51.5,11.8,159.3,,15.4,,30.2,,104.3,262.1,,67.7,170.8,,,78.1,,21.7,,,,,,7.9,150.3,106.0,81.2,62.8,11.2,,15.2,12.7,33.1,7.9,45.9,61.5,97.3,110.7,35.4,26.9,,24.8,84.2,183.4,,,,,18.7,,43.1,102.0,237.9,57.5,,18.2,,,,11.6,,178.2,247.5,23.2,120.5,268.5,14.5,58.4,145.0,29.4,59.7,57.9,,,,,42.5,,139.8,27.3,109.0,261.7,129.3,91.4,,181.0,9.9,,14.1,86.2,333.3,207.0,,51.0,,10.1,,,73.3,,,155.6,40.1,37.5,95.7,56.9,110.6,74.0,21.1,21.6,,,,29.8,30.9,25.7,166.7,36.8,,98.0,70.4,178.9,41.1,21.7,275.1,11.6,,19.0,15.3,,45.0,194.2,78.4,,,278.0,11.6,33.5,39.7,25.3,,35.3,,,,179.6,55.2,7.7,9.2,48.0,123.2,178.2,50.6,,163.3,26.4,34.7,74.9,103.8,99.7,27.1,57.4,201.7,23.1,23.2,11.7,13.0,,29.5,89.2,51.8,37.8,63.5,,62.4,,162.3,164.3,88.7
1985,213.7,,,54.7,74.4,,16.9,227.8,12.9,,30.6,60.0,,11.3,12.6,102.5,27.8,25.1,177.7,21.9,17.6,11.8,52.3,192.2,,159.8,146.2,27.0,55.2,76.9,29.1,14.8,19.6,213.7,175.7,74.7,119.7,149.0,9.8,,,180.1,,227.1,,22.4,54.2,48.9,148.6,197.8,94.1,22.0,154.5,18.0,17.3,,13.2,14.2,9.7,132.8,19.4,72.2,,,,,69.4,118.9,79.4,189.4,178.7,19.0,86.6,223.1,,,,,,,35.4,7.3,,10.4,,102.7,197.1,50.3,11.2,155.2,,14.5,,28.8,,100.1,257.4,244.2,66.9,166.3,,,74.3,,21.5,,,,,,7.5,146.2,102.4,76.4,60.8,10.7,,14.4,12.0,32.1,7.5,43.9,59.4,95.7,108.1,34.2,24.6,146.0,22.9,79.7,178.3,,,,,17.5,,41.1,97.8,239.6,54.7,,17.4,,,,11.2,,177.4,251.1,21.8,114.0,260.9,13.9,56.6,138.5,28.4,57.0,56.8,,,,,40.5,9.7,134.3,24.8,103.3,258.9,126.9,87.8,85.8,174.2,9.7,,13.8,82.2,337.6,207.5,,49.5,,10.2,,,65.6,,,153.0,39.0,36.1,93.7,54.9,105.2,72.1,20.3,20.4,,,,28.3,31.7,25.0,160.4,35.4,20.2,100.2,65.4,171.4,39.1,20.4,272.2,10.9,,18.2,14.4,,43.7,191.7,75.0,,,273.8,11.1,30.2,37.4,24.2,,32.2,,,,177.7,53.3,7.6,9.0,45.6,119.1,177.7,48.2,222.1,160.0,25.8,33.8,70.7,98.2,95.1,25.4,56.3,197.0,22.2,21.3,11.4,12.7,,28.5,84.0,48.4,36.5,62.0,,58.8,,153.6,168.4,83.3
1986,207.1,,,51.0,64.8,,16.0,226.4,12.7,,29.6,57.7,,11.0,11.9,100.2,27.3,24.3,171.4,21.2,17.0,11.4,49.6,188.2,,153.2,141.3,24.9,52.4,73.9,27.8,14.1,18.8,209.2,170.9,71.9,117.7,143.9,9.4,,,179.3,,224.2,,22.2,53.9,41.8,143.7,195.2,92.2,21.2,153.3,16.9,16.4,,12.2,13.9,9.7,129.2,18.7,69.5,,,,,65.7,110.0,74.9,186.4,174.8,18.6,81.8,219.1,,,,,,,33.9,7.3,,10.1,,100.1,190.5,49.3,10.6,150.1,,13.6,,27.4,,95.9,252.8,239.5,65.9,161.8,,,70.7,,20.8,,,,,,7.3,142.2,98.7,72.0,59.1,10.4,,13.7,11.4,31.1,7.1,42.0,57.4,95.0,105.2,33.8,22.5,136.2,21.5,75.4,173.4,,,,,16.3,,39.1,94.2,243.3,51.8,,16.3,,,,10.8,,175.1,254.1,20.5,107.8,253.9,13.3,55.0,132.1,28.6,54.4,55.5,,,,,38.4,9.3,128.5,22.5,98.0,255.8,124.5,84.2,81.8,167.3,9.5,,13.4,78.7,340.6,208.4,,48.5,,10.2,,,58.8,,,150.4,38.1,34.7,91.8,52.9,99.7,69.6,19.6,19.3,,,,26.8,33.1,24.3,155.4,34.1,18.4,114.1,60.6,163.1,37.5,19.3,269.5,10.3,,17.3,13.6,,42.4,189.9,71.8,,,269.8,10.7,27.4,35.4,23.2,,29.6,,,,139.5,51.5,7.5,8.9,43.5,114.1,176.5,45.9,212.0,157.0,25.2,32.9,66.9,93.0,90.8,23.9,55.5,193.6,21.3,19.7,11.1,12.4,,27.4,79.6,45.4,35.1,60.3,,55.5,,146.2,172.4,79.1
1987,200.5,,,47.8,58.5,,15.2,225.3,12.8,,29.1,55.3,,10.6,11.2,98.2,26.6,23.7,165.0,20.5,16.4,11.0,46.9,184.2,,146.7,136.4,23.0,50.0,71.1,26.6,13.7,18.1,205.2,168.3,68.4,116.6,140.0,9.1,,,178.6,,221.2,,21.9,53.9,40.0,139.0,192.7,90.9,20.1,152.6,15.8,15.6,,11.6,13.4,9.7,125.6,18.2,66.9,,,,,62.4,102.3,70.6,183.7,170.3,18.3,77.7,215.1,,,,,,,32.6,7.2,,9.8,,97.8,184.1,48.7,10.0,144.4,,12.7,,26.1,,91.8,248.2,235.1,64.9,157.4,,,67.3,,19.7,,,,,,7.0,138.2,95.1,68.0,57.5,10.1,,13.1,10.8,30.3,6.8,40.3,55.6,95.1,102.1,34.7,20.4,127.2,20.5,71.3,168.4,,,,,15.5,,37.1,91.1,248.3,49.1,,15.1,,,,10.3,,171.3,255.4,19.3,102.0,247.4,12.8,53.2,126.4,28.6,52.0,54.0,,,,,36.5,8.9,122.8,20.6,93.1,252.4,122.2,80.9,77.9,160.2,9.2,,12.9,75.5,341.4,209.2,,47.2,,10.1,,,52.9,,,147.7,37.3,33.5,90.0,50.9,94.2,66.6,18.9,18.2,,,,25.2,34.4,23.4,151.5,32.9,16.8,104.2,56.1,155.0,36.2,18.4,266.9,9.7,,16.6,12.7,,41.3,187.9,68.9,,,265.5,10.3,25.1,33.7,22.4,,27.5,,,,137.8,49.8,7.4,8.8,41.6,109.0,174.5,43.6,202.5,154.2,24.5,32.1,63.4,87.9,86.9,22.4,55.0,191.2,20.6,18.4,10.8,12.1,,26.2,75.9,42.8,33.7,58.5,,52.5,,139.8,176.3,76.6
1988,193.9,,,45.1,54.5,,14.4,224.3,12.9,,29.0,99.2,,10.2,10.5,96.6,25.6,23.4,158.6,19.7,15.9,10.7,44.2,180.2,,140.5,131.5,21.2,48.3,68.4,25.3,13.3,17.8,201.8,167.9,64.7,116.1,137.5,8.8,,,178.1,,218.2,,21.3,54.0,38.4,134.6,190.3,90.2,18.9,152.4,14.8,14.9,,11.3,12.9,9.6,122.4,17.7,64.4,,,,,59.4,95.7,66.7,181.6,165.4,18.0,74.0,211.1,,,,,,,31.3,7.1,,9.6,,95.7,178.0,48.2,9.5,138.5,,11.9,,24.8,,87.9,243.5,230.8,63.6,153.1,,,64.0,,18.5,,,,,,6.7,134.1,91.4,64.2,56.1,9.9,,12.6,10.4,29.4,6.6,38.7,53.9,96.2,98.5,35.9,18.7,118.8,19.5,67.9,163.4,,,,,15.3,,35.3,88.5,254.1,46.5,,14.4,,,,9.8,,166.5,253.5,18.3,96.5,241.3,12.3,51.4,121.8,27.3,49.6,52.5,,,,,34.9,8.5,117.2,18.9,88.6,249.5,119.9,78.0,74.1,152.9,8.9,,12.4,72.5,340.1,209.7,,44.3,,9.8,,,47.7,,,145.1,36.7,32.3,88.3,49.1,89.1,63.2,18.4,17.0,,,,23.7,34.8,22.6,148.6,31.7,15.3,105.8,51.8,147.9,34.4,17.6,264.6,9.1,,15.9,11.9,,40.2,185.6,66.3,,,261.0,9.9,23.5,32.4,21.7,,25.9,,,,135.9,48.2,7.3,8.6,39.9,104.8,172.0,41.4,193.4,151.7,23.8,31.4,60.4,83.1,83.4,21.0,54.6,189.0,20.0,17.1,10.4,11.9,,25.1,73.2,40.5,32.3,56.4,,49.7,,134.3,179.3,76.1
1989,187.5,,,42.7,52.2,,13.6,224.0,13.2,,29.0,51.0,,9.7,10.0,95.5,24.6,23.2,152.3,18.9,15.5,10.3,41.7,176.2,,134.5,126.6,19.6,48.0,65.7,24.1,13.2,17.9,199.4,168.5,61.4,116.1,136.4,8.5,,,177.6,,215.1,,20.4,54.0,37.0,130.4,188.0,90.2,17.8,152.8,13.8,14.2,,11.2,12.5,9.3,119.6,17.3,61.9,,,,,56.6,90.3,63.0,179.9,159.7,17.8,71.1,207.0,,,,,,,30.2,6.9,,9.3,,93.9,172.0,47.9,9.0,132.7,,11.2,,23.6,,84.1,238.5,226.4,62.3,148.9,,,61.0,,17.8,,,,,,6.5,130.2,87.6,60.8,54.9,9.6,,12.0,10.0,28.6,6.5,37.3,52.6,98.2,94.8,38.5,17.1,110.9,18.5,65.5,158.4,,,,,15.9,,33.6,86.5,259.5,44.0,,14.3,,,,9.3,,161.0,249.0,17.4,91.2,235.8,11.8,49.5,118.4,25.1,47.4,50.9,,,,,33.8,8.1,111.8,17.5,84.5,246.5,117.5,75.6,70.5,145.6,8.6,,11.8,69.6,337.0,209.9,,40.0,,9.3,,,43.1,,,142.4,36.1,31.3,86.6,47.2,84.6,59.6,17.8,15.9,,,,22.2,33.4,22.0,148.1,30.7,13.9,107.4,47.9,142.3,31.3,16.9,262.3,8.4,,15.3,11.1,,39.2,182.9,64.1,,,256.6,9.5,26.6,31.3,21.1,,24.7,,,,133.8,46.6,7.2,8.4,38.3,102.3,169.5,39.2,184.9,149.4,23.0,30.7,57.6,78.6,80.7,19.8,54.1,186.3,19.5,16.1,9.9,11.6,,24.2,71.5,38.5,30.9,54.1,,47.1,,129.5,181.5,77.5
1990,181.1,165.858652609935,197.907655659546,40.7,51.0,,12.9,223.6,13.5,81.7318492205173,28.8,48.8,,9.2,9.5,95.1,23.5,23.0,146.0,18.1,15.2,10.0,39.2,172.1,,128.7,121.7,18.2,49.2,63.0,23.0,13.1,18.4,198.0,169.8,58.7,116.1,136.7,8.2,41.0089454434624,,176.8,19.3158030632201,212.1,,19.1,53.7,35.7,126.4,185.5,91.0,16.9,153.1,12.9,13.5,,11.1,12.2,8.9,117.0,17.0,59.4,109.894932366889,56.6,59.3123217938851,59.1345009308453,53.9,85.7,59.7,178.2,153.3,17.7,69.1,202.5,9.64053268628041,30.9,44.7993587325143,59.9727659854156,12.1435334814969,,29.0,6.7,164.826210311908,9.0,,92.4,166.3,47.6,8.5,127.6,,10.5,,22.4,,80.4,233.0,222.1,60.8,144.8,181.632771056271,12.9,58.2,,17.3,77.7788296957574,101.107756422617,153.020616860597,164.312863910848,160.54461210142,6.3,126.5,83.8,57.6,53.7,9.1,,11.5,9.7,27.9,6.3,36.0,51.7,100.9,91.1,42.3,15.7,103.6,19.9,64.1,153.3,50.5348994528411,54.8,57.4851662759439,55.4718069222972,17.0,175.525073007419,31.9,85.1,263.8,41.7,,15.0,103.270415229743,184.4,123.6,8.8,,155.4,243.0,16.6,86.2,230.8,11.4,47.7,116.2,23.0,45.2,49.5,66.0,69.6968331914745,69.3826974031174,93.7815916366839,33.4,7.8,106.9,16.5,80.8,243.7,115.0,73.3,67.1,138.4,8.3,,11.2,66.6,332.1,209.6,10.9,36.2,,8.7,,21.8105861736063,39.0,75.261086851984,36.4971293579859,139.7,35.5,30.4,85.0,45.5,80.4,56.1,17.4,14.7,10.7948462118832,184.323992141615,,20.8,31.0,21.6,152.1,29.8,12.7,108.5,44.3,138.5,27.9,16.3,260.2,7.7,,14.7,10.4,63.4313646260782,38.1,179.1,62.3,130.2,130.210563817803,251.9,9.2,22.3,30.4,20.6,,23.8,178.9,178.77062003998,178.781901182625,131.7,45.0,7.0,8.2,36.8,102.2,167.3,37.1,176.7,147.3,22.2,30.1,55.0,74.1,78.9,18.6,53.6,182.5,19.3,15.2,9.3,11.2,55.1,23.6,70.5,36.9,29.6,51.6,,44.9,93.0,125.4,183.0,80.4
1991,174.9,164.171828228791,196.277965178609,39.0,50.4,,12.1,223.2,13.9,79.279556091453,28.3,46.8,,8.7,9.0,95.3,22.5,22.7,139.7,17.3,15.2,9.6,36.9,168.1,,123.2,116.9,16.9,52.1,60.2,22.0,13.1,18.8,197.3,171.3,56.9,116.2,138.1,8.0,39.6052822108571,,176.3,18.5376375532898,209.1,,17.6,53.2,34.4,122.4,183.2,92.6,16.2,153.4,13.4,12.8,,11.0,11.7,8.4,114.7,16.8,57.0,106.608567906213,55.4,58.8604831856549,58.7172466586976,51.2,81.4,56.5,176.6,146.3,17.5,68.5,197.5,9.25233942850811,30.4,44.5324543118746,58.6843222242219,11.5690182825073,,28.0,6.4,163.198633279741,8.6,,91.1,160.6,47.2,8.0,123.5,,10.0,,21.3,,76.8,227.1,217.6,59.3,140.7,178.710260931057,12.3,55.5,,16.6,77.3349387593303,101.329703322577,152.265595897548,161.08320692531,158.123318955485,6.1,122.9,80.1,54.8,52.7,8.6,,11.0,9.3,27.2,6.2,34.8,51.4,104.0,87.5,47.3,14.4,96.9,16.8,63.9,148.1,49.3221624116316,52.4,54.9736229101202,53.0059184501272,18.2,172.081665439957,30.4,84.5,265.7,39.6,,16.4,103.459825465854,181.2,120.9,8.3,,150.0,236.0,15.8,81.3,226.3,11.0,45.9,114.9,21.7,43.1,48.2,63.4,67.0333051534784,66.7148789830806,93.7555011559149,33.7,7.4,102.3,15.8,77.3,240.4,112.4,71.7,63.8,131.3,8.0,,10.6,63.5,325.4,209.1,10.6,34.5,,7.9,,20.9114417260246,35.3,74.1191264535222,35.372165790414,137.0,34.8,29.7,83.4,43.8,76.1,52.8,16.9,13.6,10.4185709953071,182.555080203305,,19.4,29.2,21.6,161.3,28.9,11.6,109.2,40.9,136.5,25.5,15.8,258.2,7.0,,14.2,9.7,62.2879972764531,37.1,175.6,61.0,126.3,126.335683882755,246.8,8.8,22.0,29.8,20.2,,23.1,177.4,177.113976874962,177.125488699921,129.5,43.5,6.6,7.8,35.3,105.1,165.2,35.1,169.0,145.3,21.4,29.7,52.6,69.8,78.1,17.5,53.0,178.4,19.3,14.4,8.7,10.9,53.9,23.2,70.1,35.4,28.6,49.1,,42.8,92.0,121.7,183.8,84.2
1992,169.0,162.62895368289,194.745532755227,37.5,50.0,,11.5,222.9,14.3,76.4451020541637,27.6,44.7,,8.2,8.5,95.6,21.4,22.1,133.4,16.6,15.3,9.2,34.8,164.1,,117.9,112.2,57.9,56.0,57.2,21.0,13.1,19.1,196.9,172.4,55.9,116.5,140.3,7.7,38.1368941566108,,175.6,18.1257761859899,206.3,,16.2,52.2,33.3,118.6,181.0,94.9,15.7,153.6,11.5,12.2,,10.7,11.0,7.9,112.9,16.6,54.6,103.621641850378,54.1,57.3901510718043,57.2396638194394,48.6,77.3,53.4,175.1,138.6,17.3,69.7,192.1,8.80138967895554,30.1,44.8080344289583,58.2502667337988,11.0382505503168,,26.9,6.1,161.550156408827,8.1,,90.1,154.9,46.8,7.6,120.2,,9.5,,20.2,,73.4,220.7,213.0,57.7,136.4,175.943235107622,11.7,53.0,,15.6,75.8171430042855,100.208195626552,151.517139757715,157.989580456592,155.810082546493,5.9,119.5,76.4,52.3,51.7,8.1,,10.4,8.9,26.5,6.1,33.7,51.8,106.7,84.2,46.0,13.3,90.5,16.1,64.4,143.1,47.994511599278,50.0,52.4418985696454,50.5664190747005,19.3,168.722904635417,29.0,85.2,265.0,37.7,,17.9,102.168203548204,178.0,118.3,7.8,,144.9,228.2,15.1,76.5,222.3,10.6,44.3,113.8,21.2,41.1,47.2,61.1,64.7303160482311,64.4043918470486,92.3581147154338,34.7,7.1,98.2,15.4,74.0,236.8,109.7,70.6,60.7,124.4,7.7,,10.0,60.3,316.8,208.3,10.2,33.6,,7.2,,19.9461043910071,32.0,72.2517047722876,34.2781083012831,134.1,34.1,29.1,81.8,42.3,71.7,49.8,16.5,12.4,10.2099992240662,180.691485792406,,18.2,28.5,21.7,174.2,28.0,10.6,109.3,37.9,136.0,24.3,15.3,256.1,6.3,,13.7,9.0,60.6612960193506,36.2,173.2,60.2,122.6,122.667927642964,241.1,8.3,21.7,29.3,19.8,,22.6,175.8,175.642067768122,175.65274034073,127.1,41.9,6.2,7.5,33.8,109.4,163.4,33.1,161.6,143.3,20.6,29.2,50.1,65.5,78.1,16.5,52.2,174.3,19.5,13.7,8.2,10.5,52.5,22.8,70.0,34.2,27.8,46.5,,40.9,91.4,118.5,183.7,88.2
1993,163.4,161.263408660027,193.081971120997,36.2,49.5,,10.9,222.5,14.7,74.000919025065,26.6,42.7,,7.7,7.9,95.7,20.5,21.1,127.1,15.9,15.5,8.7,32.9,160.2,,112.8,107.6,58.7,60.7,54.1,20.2,13.0,19.2,196.5,195.6,55.3,117.3,142.8,7.4,37.0311110422509,,175.0,17.6282724157098,203.5,,15.0,50.9,32.1,114.9,178.9,97.8,15.3,153.6,10.9,11.6,,10.2,10.2,7.4,111.3,16.5,52.3,100.597777405898,52.4,55.7240530815863,55.5706087322987,45.9,73.1,50.4,173.6,130.5,17.0,72.8,186.0,8.3240723531113,29.6,44.7116243659979,57.4108214000933,10.5232371538484,,26.0,5.8,160.026307278293,7.5,,89.3,149.3,46.3,7.2,117.9,,9.1,,19.3,,70.2,214.0,208.4,56.1,132.2,173.351179468008,11.2,50.7,,14.4,73.9329888793653,98.7835640618949,150.848353124764,155.073488467532,153.659552787813,5.6,116.1,72.8,50.1,50.8,7.7,,9.8,8.5,25.7,6.0,32.7,52.3,108.7,81.2,44.6,12.3,84.5,15.6,64.9,138.1,46.5349815112332,47.7,49.894586174143,48.1372780154239,20.0,165.461877645004,27.6,87.4,261.7,36.0,,18.3,100.593953853376,175.0,116.0,7.3,,140.1,219.9,14.4,71.8,218.6,10.2,43.0,113.1,21.2,39.2,46.3,58.7,62.4442442434403,62.1134377305397,90.5973428163472,36.1,6.8,94.2,15.2,70.9,232.5,107.0,70.3,57.7,117.8,7.4,,9.5,57.1,306.3,207.2,9.9,31.6,,6.6,,19.1411151479501,29.0,71.0835863882665,33.2792731846614,131.1,33.3,28.6,80.4,40.8,67.1,47.3,16.0,11.4,9.73532788960458,178.827376142059,,17.1,28.2,22.0,189.8,27.0,9.7,108.6,35.2,136.4,23.3,14.9,253.7,5.8,,13.1,8.4,59.2948258992959,35.2,172.1,60.0,119.1,119.119757950112,235.1,7.9,21.3,28.9,19.5,,22.4,174.4,174.208730638251,174.219501204136,124.6,40.4,5.7,7.1,32.3,112.8,161.6,31.3,154.6,141.2,20.0,28.9,47.6,61.4,78.5,15.5,51.4,170.5,19.7,13.1,7.7,10.1,50.9,22.4,69.9,33.1,27.2,43.9,,39.2,90.2,115.6,182.3,91.9
1994,158.3,162.756557431858,191.317118537862,35.0,48.9,,10.3,221.8,15.1,71.8778248919614,25.4,40.8,,7.3,7.4,95.2,19.5,19.7,120.9,15.4,15.7,8.2,31.3,156.5,,107.8,103.0,14.0,65.6,51.0,19.5,12.7,19.3,195.6,172.7,54.5,118.5,145.3,7.2,36.0507279402456,,174.3,17.0885196200894,201.0,,13.9,49.3,31.0,111.6,176.8,101.1,15.1,153.2,10.4,11.1,,9.7,9.4,6.9,109.8,16.5,50.0,98.6545765258579,50.6,53.8834778955118,53.7326568563124,43.3,68.8,47.5,172.3,122.5,16.4,77.9,179.6,7.82088556891218,28.8,43.6873445000723,55.9837103689808,10.0043539497642,,25.2,5.5,157.700728895229,7.0,,88.8,143.8,45.7,6.8,116.1,,8.8,,18.4,,67.2,207.1,203.7,54.5,127.9,173.117018886401,10.6,48.5,,13.4,71.9845005768914,97.5576045298462,149.7982131122,153.742499033768,152.422465707023,5.4,112.8,69.4,48.0,49.9,7.4,,9.2,8.0,25.0,5.9,31.7,52.8,109.6,78.6,43.3,11.3,78.6,15.1,64.3,133.2,44.8175396282552,45.3,47.3973276361396,45.7687873426529,20.1,163.991070927876,26.4,90.8,255.4,34.5,,16.9,99.3170044837447,175.6,113.8,6.8,,135.3,212.7,13.9,67.1,215.2,9.8,42.0,112.2,21.6,37.4,45.4,56.5,60.3323065655891,59.9946270949442,88.8654195853035,37.4,6.5,90.3,15.1,67.9,227.0,104.3,70.9,54.9,111.5,7.1,,9.1,54.1,294.2,205.9,9.5,28.0,,6.1,,18.2913843290201,26.4,70.5490509442178,32.4083095480802,127.9,32.4,28.3,79.0,39.5,62.5,45.0,15.3,10.5,9.15312123606225,176.02636361798,,16.1,27.8,22.1,385.5,26.1,8.8,107.0,32.8,137.4,21.7,14.6,251.0,5.4,,12.5,7.9,58.5924836795573,34.3,171.9,60.4,115.6,115.625894663249,228.5,7.4,20.9,28.4,19.2,,22.3,174.9,174.407831283542,174.418587051476,122.0,38.9,5.2,6.7,30.8,113.5,159.3,29.6,147.7,138.9,19.4,28.6,44.9,57.5,78.9,14.7,50.4,167.3,20.1,12.6,7.4,9.8,49.0,21.9,69.7,32.2,26.8,41.5,,37.7,89.2,113.1,179.4,95.7
1995,153.2,156.345633373303,188.899176351437,33.7,48.0,,9.8,220.8,15.3,69.8565829415099,24.2,38.9,,7.0,6.8,93.9,18.5,18.1,114.7,15.0,15.7,7.7,29.9,152.9,,102.8,98.5,19.5,70.7,47.9,18.9,12.4,19.3,193.9,171.5,53.1,119.5,147.1,6.9,34.9589881747091,,173.5,16.3599359136333,198.6,,13.1,47.5,29.9,108.5,174.7,104.6,14.9,152.4,10.0,10.6,,9.1,8.5,6.5,108.5,16.5,47.9,94.7112066921845,49.7,51.9359642038615,52.7807617444724,40.6,64.6,44.7,170.8,114.7,15.7,85.4,173.1,7.34809157275549,28.1,42.964004099644,54.8387714542716,9.38033871802495,,24.5,5.2,155.799256675681,6.5,,88.4,138.4,44.8,6.5,114.5,,8.4,,17.7,,64.3,200.1,198.8,53.1,123.6,166.37185989275,10.1,46.4,,12.6,70.0166317095529,95.3083828298246,148.251003917333,148.028691136473,148.102885502903,5.2,109.5,66.1,46.1,49.0,7.3,,8.7,7.5,24.2,5.7,30.8,52.6,109.5,76.3,109.7,10.5,73.0,14.7,62.7,128.4,44.0068285220759,43.1,44.962368294361,43.4825818697013,19.7,157.781595511016,25.2,94.9,247.1,33.1,,15.0,97.2181162732789,169.1,111.5,6.3,,130.5,207.7,13.3,62.4,211.6,9.4,41.5,111.3,22.2,35.7,44.4,54.3,58.2236780712105,57.8824746819805,86.9380798324501,38.4,6.2,86.4,15.1,64.9,219.9,101.8,72.5,52.3,105.5,6.9,,8.7,51.1,281.3,203.8,9.2,24.3,,5.7,,17.4710387062951,24.1,70.0732507636998,31.6276868387643,124.6,31.5,28.0,77.6,38.3,57.9,43.1,14.4,9.8,8.77173143956339,173.307608152137,,15.3,27.2,22.0,220.9,25.3,8.1,104.5,30.5,138.4,19.6,14.4,247.8,5.1,,12.0,7.3,57.7167420490022,33.5,171.9,61.3,112.0,112.065116168077,221.7,6.9,20.4,28.0,19.0,,22.3,169.9,169.595942996804,169.605362288872,119.3,37.4,4.8,6.4,29.3,111.5,156.4,28.1,141.0,136.2,18.9,28.4,42.2,53.7,79.1,13.8,49.3,164.9,20.3,12.2,7.2,9.5,47.1,21.2,69.1,31.5,26.3,39.2,,36.3,87.4,110.8,175.9,98.8
1996,148.6,153.664413816485,186.118430408803,32.4,47.0,,9.3,218.9,15.5,67.7023562133552,23.0,37.1,,6.8,6.4,91.6,17.7,16.6,108.6,14.7,15.5,7.2,28.6,149.5,,97.8,93.9,12.5,70.3,44.9,18.3,12.0,19.3,191.4,169.7,50.5,119.9,148.3,6.7,34.0405338709677,,172.4,15.4897234844874,196.1,,12.5,45.6,28.8,105.7,172.3,108.3,14.7,151.1,9.6,10.2,,8.5,7.7,6.3,107.0,16.6,45.9,91.7069306576724,47.8,49.9856260071326,50.8407521719205,38.0,60.4,42.0,168.7,107.6,14.8,92.5,166.3,6.92620869281141,26.9,41.4453078720342,52.7750592092689,8.81088339189227,,23.9,4.9,153.058943393636,6.1,,88.0,133.1,43.7,6.2,112.7,,8.1,,17.1,,61.6,193.1,193.8,51.7,119.3,162.787014201139,9.6,44.5,,11.9,67.8823577681819,93.3585041421271,146.177121087293,144.513854226115,145.069402749609,5.0,106.0,63.0,44.2,48.1,7.3,,8.2,7.0,23.4,5.5,30.0,51.7,108.4,74.1,107.7,9.7,67.6,14.3,60.2,123.8,42.0912689019245,40.9,42.6092441003801,41.2351761643601,19.0,153.974521063504,24.1,98.9,237.4,31.9,,13.4,95.207114393039,164.9,109.0,5.9,,125.5,202.7,12.9,57.7,207.9,9.0,41.4,110.0,22.6,34.0,43.4,52.0,55.8538020077172,55.5153909306883,84.8930235779923,38.7,6.0,82.1,15.1,62.1,211.8,99.1,74.7,49.9,99.7,6.7,,8.4,48.2,268.5,201.1,9.0,21.6,,5.4,,16.6226926186189,22.2,69.0780404219395,30.9570299170566,121.3,30.5,27.6,76.3,37.2,53.4,41.4,13.2,9.1,8.38069395232241,170.280365469294,,14.6,26.5,21.7,224.9,24.4,7.4,101.2,28.5,139.0,17.4,14.2,244.2,4.8,,11.5,6.9,56.7914756445004,32.9,171.9,62.7,108.4,108.381675525549,214.5,6.5,19.8,27.4,18.8,,22.3,166.9,166.897604617062,166.906655674337,116.4,36.1,4.5,6.1,27.9,107.6,152.9,26.6,134.7,133.3,18.5,28.2,39.4,50.2,78.7,13.1,48.0,162.8,20.3,11.8,7.0,9.2,45.2,20.3,68.3,30.8,25.5,37.0,,34.9,85.6,108.3,172.7,100.1
1997,144.2,150.866817200948,182.58280368544,31.1,45.8,,8.8,216.1,15.5,65.6724134556819,21.9,35.4,,6.6,6.0,88.4,17.0,15.2,102.6,14.5,15.1,6.7,27.4,146.1,,92.8,89.3,11.8,73.8,42.1,17.9,11.5,19.2,188.4,166.7,46.9,119.3,148.7,6.5,33.0314815115016,,171.1,14.6971969022497,193.5,,12.2,43.6,27.8,103.2,169.6,111.5,14.5,149.3,9.3,9.7,,8.0,6.9,6.0,105.5,16.8,44.0,88.7875267914836,45.9,47.9794068511904,48.8333069294428,35.5,56.5,39.5,166.1,101.1,13.8,99.1,159.8,6.56011062263947,25.5,39.7834188899417,50.5103052664587,8.31502296797935,,23.5,4.7,149.787836631361,5.8,,87.5,127.8,42.3,5.9,110.3,,7.7,,16.6,,59.0,186.3,188.8,50.4,115.1,158.961127439733,9.2,42.6,,11.5,65.7202480209529,91.1978133374677,143.608256324914,140.602065398195,141.603467935425,4.7,102.5,60.0,42.3,47.2,7.3,,7.8,6.6,22.6,5.2,29.2,50.0,106.6,72.2,106.2,9.1,62.4,13.8,57.3,119.4,40.1613987686399,38.7,40.3306952240262,39.1003265569725,17.9,149.749022589485,23.0,102.5,226.4,30.8,,12.3,92.9614371527433,160.8,106.2,5.5,,120.3,197.8,12.4,53.0,203.6,8.6,41.5,108.2,22.6,32.4,42.2,49.8,53.7105477031261,53.3783164242674,82.6786103582006,38.1,5.8,77.6,15.1,59.5,202.4,96.5,76.5,47.8,94.1,6.5,,8.1,45.5,257.1,197.5,8.8,19.7,,5.2,,15.7963226948712,20.5,68.3447242840871,30.3874284165227,117.9,29.4,27.3,75.1,36.3,49.0,40.0,12.0,8.6,8.07140602219783,166.70877137441,,14.0,25.7,21.3,220.8,23.6,6.8,97.2,26.6,138.8,15.4,14.0,240.0,4.6,,10.9,6.5,55.9631589123393,32.3,171.9,64.6,104.7,104.678319470292,206.9,6.1,19.1,26.7,18.6,,22.4,163.8,163.855024980268,163.863206358961,113.4,34.7,4.3,6.0,26.5,102.2,148.6,25.1,128.6,130.2,18.1,28.0,36.7,46.8,77.6,12.4,46.6,160.0,20.2,11.5,6.9,9.0,43.2,19.3,67.2,30.3,24.5,34.9,,33.6,83.6,105.5,169.6,100.2
1998,139.9,146.978536200067,178.485321878513,29.8,44.5,,8.4,212.5,15.4,63.6263725645458,20.9,33.7,,6.4,5.8,84.3,16.5,14.0,96.8,14.5,14.5,6.4,26.4,142.8,,87.9,84.7,11.1,75.9,39.5,17.5,11.1,18.9,185.1,163.1,42.6,117.3,148.3,6.4,32.2764055512467,,169.5,13.9388944689876,190.6,,11.9,41.4,26.8,100.8,166.5,113.8,14.1,146.9,8.9,9.3,,7.5,6.3,5.9,103.6,17.0,42.5,85.7277061667737,43.9,45.875694215111,46.7513448791249,33.3,52.9,37.1,163.0,95.3,12.9,105.1,153.5,6.2767894435367,24.2,37.9472462654748,48.1594419461067,7.90331303440031,,23.1,4.6,146.173931510563,5.6,,86.8,122.8,40.6,5.7,107.4,,7.3,,16.1,,56.6,179.5,183.8,49.1,111.0,154.932638333281,8.9,64.9,,11.1,63.4592877080371,88.8280896356272,140.475119373647,136.60392265741,137.895853607739,4.5,98.9,57.2,40.4,46.3,7.3,,7.5,6.2,21.8,5.0,28.4,47.6,103.8,70.2,105.2,8.5,57.5,13.4,54.5,115.1,38.19236498149,37.3,38.8186988182386,37.64103008529,16.7,145.266084213201,21.9,105.7,214.7,29.8,,11.6,90.5334919313995,156.4,103.2,5.1,,115.0,191.8,11.8,48.3,198.9,8.2,41.9,105.6,21.7,30.9,41.1,47.6,51.4510562153307,51.1309094182374,80.3654591218054,36.6,5.5,72.9,14.9,57.0,192.2,94.0,77.7,45.9,88.8,6.4,,7.8,50.2,246.7,193.0,8.6,18.2,,5.1,,15.0217432708898,18.9,67.4958151009156,29.8064843472525,114.4,28.4,26.8,74.0,35.4,44.9,38.8,10.9,8.2,7.80579669393743,162.601547589628,,13.5,24.6,20.8,212.8,22.8,6.2,92.5,25.0,137.4,14.0,13.9,235.4,4.4,,10.5,6.1,55.1866003436533,31.7,171.9,66.6,100.9,100.921395307559,198.8,5.8,18.4,25.9,18.5,,22.5,160.0,159.950874643124,159.958581247284,110.2,33.5,4.2,5.8,25.3,96.2,143.1,23.8,122.7,126.8,17.7,27.9,34.0,43.5,75.5,11.8,45.2,156.4,19.8,11.2,6.8,8.8,41.2,18.4,65.8,29.8,23.4,33.1,,32.5,81.4,102.0,166.4,99.0
1999,135.8,142.506372971654,173.943151257965,28.5,43.2,,8.0,208.0,15.2,61.691578957728,20.1,32.1,,6.3,5.6,79.6,16.2,13.1,91.2,14.6,13.7,6.1,25.3,139.5,,83.2,80.2,10.4,77.1,37.0,17.1,10.7,18.3,181.7,158.8,38.3,113.0,146.9,6.3,31.4782983514545,,167.5,13.1064606546607,187.4,,11.5,39.1,25.9,98.6,162.9,114.5,13.6,144.1,8.6,8.9,,7.0,5.8,5.7,101.7,17.2,41.0,82.4693046606237,42.0,43.7543168706971,44.6388803269575,31.3,49.7,34.9,159.4,90.2,11.9,109.9,147.3,6.04474157696844,22.8,35.9900400094556,45.6083229453156,7.5122459472173,,22.8,4.4,142.567454214279,5.5,,85.8,117.9,38.6,5.5,103.9,,6.8,,15.8,,54.3,172.6,178.7,47.8,107.1,149.786674139462,8.6,39.0,,10.6,61.1143666137126,86.2599959494346,137.305145566792,131.833943434026,133.665749792092,4.2,95.3,54.6,38.4,45.3,7.3,,7.2,5.9,21.1,4.7,27.6,45.0,100.3,68.3,104.2,8.0,52.7,13.0,51.7,110.9,36.1764949731301,34.8,36.2055299493509,35.1625976260536,15.4,140.446234303655,20.9,108.3,202.2,28.9,,11.1,87.8910647628822,151.6,99.9,4.8,,109.8,184.0,11.0,43.7,193.5,7.9,42.1,102.4,20.3,29.5,39.9,45.5,49.2422077375116,48.9376653302022,77.8416692579597,34.3,5.3,68.1,14.6,54.6,182.0,91.5,78.0,44.2,83.7,6.3,,7.6,40.5,237.5,187.9,8.4,16.9,,5.0,,14.3137997125907,17.6,66.0131163026061,29.281059598188,111.2,27.4,26.3,72.8,34.6,41.2,37.8,10.0,7.7,7.53402798067639,158.105418881936,,13.0,23.0,20.2,200.7,22.0,5.7,87.4,23.4,134.4,13.2,13.8,230.5,4.1,,10.0,5.8,54.1144744233599,31.3,171.9,68.6,97.2,97.2082697398888,190.4,5.6,17.5,24.9,18.3,,22.5,155.6,155.532597236302,155.540001677311,106.9,32.2,4.1,5.7,24.1,89.8,136.5,22.5,117.1,123.4,17.3,27.8,31.6,40.5,72.7,11.2,43.8,151.7,19.1,10.9,6.7,8.6,39.3,17.6,63.9,29.4,22.4,31.4,,31.4,79.1,98.0,162.3,96.8
2000,131.6,137.653405315069,169.018894806577,27.1,41.7,,7.6,202.9,14.9,59.6633468190795,19.4,30.6,,6.2,5.5,74.5,16.1,12.5,86.0,14.7,12.8,5.9,24.4,136.3,,78.7,75.7,9.7,77.8,34.6,16.8,10.3,17.5,178.0,153.9,34.4,105.9,144.6,6.2,30.6417204264566,,165.2,12.2870938732609,184.1,,10.9,36.7,25.1,96.4,158.9,113.3,13.1,140.9,8.3,8.6,,6.5,5.5,5.6,99.7,17.5,39.8,79.3497314243802,39.8,41.3816894080616,42.233777868814,29.5,46.7,33.0,155.4,85.5,11.0,114.1,141.2,5.84464300294194,21.3,33.6780355490792,42.8437233212543,7.17175789320294,,22.6,4.3,138.629902931003,5.4,,84.4,113.1,36.4,5.4,100.0,,6.4,,15.5,,52.2,165.6,173.5,46.6,103.4,144.499999902326,8.2,37.3,,10.1,58.5171806386476,83.1234393234767,133.82555771846,126.930462511715,129.244408616516,4.0,91.7,52.0,36.4,44.4,7.1,,6.9,5.6,20.5,4.5,26.9,42.4,96.1,66.4,102.9,7.5,48.3,12.7,49.2,106.7,34.1366296013531,33.1,34.380964543864,33.3969500908763,14.2,135.275444268108,19.8,110.6,189.3,28.1,,10.7,84.7084830205354,146.3,96.6,4.5,,104.9,173.4,10.1,39.1,187.6,7.6,42.3,98.3,18.8,28.2,38.8,43.4,46.9866536763717,46.7022119321509,74.9150711949661,31.5,5.2,63.1,14.2,52.4,172.0,89.1,77.6,42.6,78.9,6.2,,7.4,38.3,228.4,182.5,8.3,15.8,,4.9,,13.5833880361695,16.4,64.4845064157974,28.7595546314307,108.1,26.4,25.6,71.6,33.8,37.9,36.9,9.3,7.2,7.32228348835575,153.126407026764,,12.5,21.5,19.4,185.0,21.2,5.2,82.0,22.1,129.6,12.7,13.8,225.3,3.8,,9.6,5.4,52.9281767537788,30.8,171.9,71.0,93.5,93.5209956329724,181.8,5.4,16.7,23.9,18.2,,22.5,150.8,150.732465620919,150.739626570171,103.4,31.1,4.1,5.6,23.1,83.4,129.0,21.3,111.7,119.8,16.9,27.7,29.4,37.6,69.2,10.7,42.5,145.8,18.4,10.7,6.5,8.5,37.2,17.0,61.5,28.9,21.5,30.0,,30.4,76.4,93.5,156.3,94.5
2001,127.4,132.168491758445,163.868567368786,25.8,40.1,,7.2,197.0,14.6,57.6353542472689,18.8,29.1,,6.1,5.4,69.4,16.2,12.0,81.0,14.9,11.8,5.7,23.5,133.1,,74.2,71.5,9.1,76.5,32.4,16.6,10.0,16.7,173.9,148.8,31.4,96.5,141.7,6.2,29.8475233580654,,162.5,11.6473273331115,180.7,,10.3,34.1,24.3,94.1,154.6,110.2,12.6,137.4,8.0,8.2,,6.1,5.2,5.5,97.4,17.9,38.8,76.2306497039912,37.7,39.2383552336118,40.1088166967899,27.9,44.0,31.1,151.3,81.3,10.1,117.1,135.0,5.63265857375991,20.2,31.5472336252823,40.1156160130614,6.86607085817778,,22.6,4.2,134.402845258239,5.3,,82.6,108.5,33.9,5.2,96.0,,6.0,,15.2,,50.1,158.9,168.1,45.4,100.0,138.902217359315,8.0,35.7,,9.6,56.3276115386665,80.4551147970072,130.046695902955,121.724437986865,124.534479955889,3.8,88.1,49.7,34.4,43.5,6.9,,6.6,5.3,20.0,4.3,26.1,39.8,91.2,64.7,101.5,7.2,44.1,12.5,46.8,102.6,31.8923542936808,31.4,32.6340726159693,31.7119321675222,13.3,129.844342504734,18.8,112.2,176.2,27.3,,10.3,82.0195684253445,140.7,93.1,4.2,,100.2,160.1,9.4,34.8,181.5,7.4,42.3,93.6,17.6,26.9,37.9,41.3,44.6833014049305,44.4230076938066,72.4930623096032,28.6,5.0,58.2,13.7,50.2,162.8,86.7,76.6,41.3,74.4,6.1,,7.2,36.2,218.3,177.0,8.2,15.1,,4.7,,13.0815276283099,15.4,63.6445728039526,28.3621620270878,105.3,25.5,24.8,70.4,33.0,34.9,36.1,8.8,6.6,7.10049668931721,147.794088538451,,12.0,20.5,18.4,167.3,20.5,4.8,76.5,20.8,122.8,12.2,13.8,219.9,3.6,,9.3,5.2,52.1243074216206,30.5,171.9,73.2,89.9,89.8827672082886,172.7,5.3,16.1,22.8,18.2,,22.4,145.5,145.416979677732,145.423479581039,100.0,30.0,4.1,5.5,22.2,77.0,121.0,20.1,106.5,116.2,16.4,27.5,27.4,34.9,65.5,10.2,41.5,139.0,17.5,10.5,6.4,8.3,35.2,16.5,58.8,28.5,20.8,28.7,,29.5,73.8,88.7,147.6,92.5
2002,123.0,126.5073860681,158.49796998251,24.3,38.5,,6.8,190.0,14.3,55.7668577922262,18.4,27.7,,6.0,5.3,64.5,16.4,11.6,76.4,15.2,10.9,5.5,22.7,129.9,,69.8,67.4,8.5,74.8,30.3,16.4,9.8,15.9,169.4,143.4,29.3,86.7,138.3,6.2,29.2155680347084,,159.5,11.2611263423791,177.3,,9.8,31.5,23.6,91.9,150.1,105.5,12.2,133.7,7.7,7.9,,5.7,5.0,5.4,95.1,18.3,38.0,73.2084879653806,35.7,36.9802275612324,37.818724249025,26.6,41.6,29.4,146.9,77.5,9.3,118.6,128.6,5.40899902177707,18.9,29.3640658847997,37.5411380539295,6.60147455713196,,22.6,4.1,130.019635463421,5.1,,80.7,104.0,31.3,5.1,92.2,,5.6,,15.0,,48.1,152.6,162.5,44.3,96.9,133.113387626936,7.8,34.1,,9.0,53.8009740869804,77.500855492517,126.331630703493,116.529792029075,119.851460559153,3.6,84.5,47.4,32.3,42.6,6.5,,6.3,5.0,19.6,4.1,25.4,37.3,86.1,63.2,99.6,6.8,40.2,12.3,44.6,98.5,29.7361145636883,29.9,31.0425221539511,30.1939305712273,12.6,124.308753886989,17.8,113.7,163.4,26.4,,9.9,79.0392126650117,135.0,89.6,4.0,,95.9,145.7,8.9,30.8,175.2,7.2,42.2,88.3,16.6,25.8,41.8,39.4,42.5787456036488,42.3394663457019,69.7652003724395,25.8,4.8,53.4,13.0,48.0,154.4,84.3,75.3,40.2,70.4,5.9,,7.0,34.4,207.0,171.3,8.1,14.5,,4.6,,12.428136234518,14.5,61.8659258792121,28.2616990604961,102.8,24.6,24.0,69.2,32.2,32.3,35.3,8.4,6.0,6.91866583981984,142.251446117944,,11.6,20.2,17.3,149.7,20.0,4.5,71.0,19.6,115.0,11.4,13.7,214.2,3.4,,9.1,4.9,50.9071213502623,30.2,171.9,75.1,86.4,86.3937248185155,164.0,5.1,15.6,21.7,18.1,,22.4,140.0,139.92252829957,139.928818865051,96.5,29.1,4.0,5.4,21.4,70.9,113.1,19.1,101.4,112.8,16.0,27.3,25.7,32.3,61.8,9.8,40.6,131.3,16.7,10.3,6.3,8.2,33.2,16.2,55.8,28.2,20.3,27.6,,28.6,71.2,84.0,137.1,91.2
2003,118.5,120.763577636882,153.0376541644,22.9,36.9,,6.5,182.3,13.9,53.9078336955319,17.8,26.4,,5.9,5.2,60.0,16.7,11.3,72.1,15.4,10.1,5.3,22.0,126.8,,65.4,63.6,8.1,74.4,28.3,16.2,9.6,15.1,164.3,137.5,27.9,78.0,134.7,6.2,28.5629743169302,,156.1,10.9483901146174,173.9,,9.5,28.9,22.8,89.6,145.5,99.6,11.8,130.0,7.4,7.6,,5.3,4.8,5.2,92.8,18.7,37.3,70.2230635785869,32.8,34.7160066843521,34.7171492674826,25.4,39.4,27.8,142.5,74.0,8.5,119.8,122.2,5.21451086484222,17.6,27.314210604302,35.0209039287331,6.38316521559845,,22.8,4.0,125.597351282315,4.9,,78.6,99.6,28.6,5.0,88.9,,5.2,,14.8,,46.2,146.7,156.8,43.2,94.0,127.337120890667,7.5,32.6,,8.4,51.3076978436793,74.5440780704322,122.824161879961,111.482789982212,115.317437965937,3.4,81.1,45.3,30.3,41.7,6.0,,6.1,4.8,19.3,4.0,24.7,35.1,81.1,62.1,34.8,6.4,36.6,12.1,42.7,94.4,26.8151343148527,28.5,29.5442917694519,28.7643000723099,11.9,118.864522068056,16.8,114.9,151.1,25.5,,9.5,75.8642247393099,128.0,86.3,3.7,,91.8,131.8,8.6,27.2,169.1,7.1,41.9,82.7,16.0,24.7,36.7,37.6,40.6267009392762,40.4096860238522,67.0340282291749,23.4,4.7,48.8,12.2,45.9,146.8,81.9,74.4,39.3,66.6,5.7,,6.9,32.6,195.3,165.6,8.0,14.2,,4.4,,11.8556259336641,13.8,60.0267584806827,27.7629712481084,100.5,23.7,23.2,68.0,31.4,30.1,34.5,8.1,5.5,6.76773132414475,136.5760332616,,11.2,20.0,16.1,133.5,19.6,4.1,65.6,18.5,106.9,10.6,13.8,208.4,3.2,,8.8,4.7,49.566899522874,29.9,171.9,76.3,83.1,83.1471635295485,155.8,5.0,15.1,20.8,18.1,,22.4,134.4,134.339819631855,134.345789810214,93.2,28.1,3.9,5.3,20.8,65.3,105.6,18.1,96.6,109.4,15.5,26.8,24.1,30.0,58.3,9.3,39.8,123.2,15.9,10.2,6.2,8.1,31.3,15.8,52.6,27.9,19.8,26.6,,27.7,68.4,79.4,126.6,90.3
2004,114.0,115.114234200289,147.649008125325,21.4,35.3,,6.2,173.7,13.6,52.1855642006047,17.3,25.1,,5.8,5.1,55.8,16.8,11.0,68.2,15.4,9.4,5.2,21.4,123.9,,61.2,59.9,7.7,73.6,26.4,16.0,9.5,14.2,158.5,131.1,27.3,70.7,131.3,6.1,27.9176503410911,,152.5,10.4752094876273,170.4,,9.3,26.3,22.2,87.1,140.9,93.0,11.5,126.1,7.0,7.4,,5.0,4.6,5.0,90.4,19.2,36.7,67.7464074776942,31.6,33.41785885552,33.424004870905,24.4,37.5,26.3,138.1,70.7,7.8,120.1,115.8,5.02910487803509,16.6,25.5664155836597,32.7597551163178,6.14271600560536,,23.0,3.9,121.182310849825,4.8,,76.4,95.3,26.0,4.8,86.0,,4.9,,14.6,,44.4,141.5,150.7,42.2,91.4,121.715463740796,7.3,31.2,,7.9,49.084382183188,71.7122343018015,119.273868770566,106.793938045072,111.01414819707,3.3,77.7,49.3,28.4,40.9,5.6,,5.8,4.6,19.2,3.9,24.0,33.0,76.1,61.4,33.9,6.0,33.4,12.0,40.9,90.3,25.0093331349438,27.2,28.1599629722426,27.4296528171361,11.2,113.624802208875,15.9,116.1,139.5,24.4,,9.3,73.0045617538576,122.3,83.1,3.5,,88.0,119.6,8.3,27.0,163.2,7.0,41.5,77.4,15.7,23.7,36.4,35.9,38.7390102450249,38.5417087279418,64.5031186150928,21.5,4.6,44.6,11.4,43.7,139.9,79.3,74.1,38.7,63.3,5.5,,6.7,31.0,183.6,160.0,7.9,14.0,,4.2,,11.3931231879344,13.2,58.197378663288,27.636248181625,98.5,22.9,22.4,66.7,30.7,28.1,33.7,7.8,5.0,6.64063968601241,130.976296388603,,10.8,19.3,15.0,118.6,19.4,3.9,60.4,17.5,99.0,9.7,13.8,202.3,3.1,,8.6,4.4,48.2826489995981,29.6,171.9,77.5,80.1,80.0975546159894,147.9,4.9,28.7,20.0,18.1,,22.4,128.9,128.802822465891,128.808376364175,90.0,27.3,3.7,5.2,20.2,60.2,98.8,17.1,92.0,106.2,15.1,26.3,22.8,27.8,55.0,9.0,38.9,115.0,15.1,10.0,6.1,8.1,30.2,15.2,49.3,27.5,19.2,25.8,,26.9,65.8,75.0,116.3,90.5
2005,109.5,109.738790201083,142.358269307434,20.0,33.8,,5.9,164.7,13.3,50.514479113553,16.7,23.8,,5.7,4.9,52.1,16.8,10.7,64.5,15.4,8.7,5.0,20.9,121.1,,57.1,56.5,7.5,69.4,24.7,15.9,9.5,13.3,152.2,124.3,27.1,64.7,128.1,6.1,27.2388683398589,,148.7,9.9796439531134,166.9,,9.1,24.0,21.5,84.8,136.1,86.2,11.3,122.1,6.7,7.1,,4.7,4.4,4.8,88.0,19.8,36.3,64.502900121522,28.8,30.4018433763099,30.4347502090802,23.4,35.8,24.9,133.5,67.7,7.1,119.9,109.5,4.8509719343802,15.6,23.949802148601,30.648984817186,5.92500548498832,,23.3,3.7,117.001160723778,4.6,,74.2,91.2,23.5,4.7,83.4,,4.6,,14.5,,42.7,136.9,144.6,41.3,89.0,116.332418784914,7.1,29.9,,7.5,46.2486845240265,68.5378448237603,115.904435122058,102.044138973609,106.738538765575,3.1,74.4,41.5,26.5,39.9,5.2,,5.6,4.5,19.1,3.7,23.3,31.0,71.0,60.9,33.1,5.6,30.5,11.8,39.3,86.3,23.0367340624292,26.0,26.8785130137791,26.1835253681073,10.5,108.701967676707,15.0,116.9,129.5,23.1,,9.1,69.7836104718751,117.0,79.9,3.3,,84.3,110.3,8.2,21.6,157.6,6.9,41.2,72.3,15.6,22.8,36.2,34.3,36.9171026388129,36.7392073680289,61.4982914961985,20.0,4.5,40.8,10.6,41.5,133.4,76.8,70.6,38.4,60.2,5.3,,6.6,29.5,172.3,154.6,7.8,13.7,,4.1,,10.9501616653684,12.8,56.3934004441889,27.5792928964238,96.6,22.0,21.6,65.4,29.9,26.4,32.9,7.6,4.7,6.48275633138272,125.648199771666,,10.4,18.1,13.9,105.4,19.2,3.6,55.6,16.5,91.6,8.9,13.8,196.0,3.0,,8.3,4.2,46.9508305592265,29.3,171.8,79.0,76.9,76.894644369257,140.4,4.7,14.1,19.3,18.0,,22.4,123.6,123.496966783836,123.502537168904,87.0,26.5,3.6,5.1,19.8,55.7,92.5,16.2,87.8,103.1,14.7,25.7,21.7,25.7,52.0,8.7,37.9,107.1,14.5,9.8,6.0,8.0,27.9,14.4,45.9,27.2,18.5,25.1,,26.1,62.9,70.8,107.0,91.4
2006,105.0,104.632572827683,137.478648622828,18.5,32.3,,5.6,155.2,13.0,48.9301033286111,16.2,22.7,,5.6,4.8,48.8,16.7,10.3,61.0,15.3,8.0,4.9,20.4,118.4,,53.3,53.2,7.2,65.3,23.2,15.8,9.5,12.5,145.5,117.1,27.2,59.8,124.8,6.0,26.8111341235645,,144.3,9.34591982008772,163.2,,9.0,21.9,20.9,82.3,131.4,79.8,11.2,118.2,6.4,6.9,,4.3,4.1,4.6,85.6,20.4,35.9,61.7049581346766,27.1,28.5306482441787,28.5788382686477,22.5,34.2,23.6,128.9,64.8,6.5,110.3,103.3,4.68090953868572,14.7,22.3893088374184,28.6840150698804,5.65742094245586,,23.4,3.6,112.812812470506,4.5,,72.1,87.3,21.2,4.6,81.1,,4.3,,14.4,,41.0,132.9,138.6,40.5,86.9,111.260921345229,6.9,28.7,,7.2,43.8007100119702,65.7102663192521,112.678898028713,97.7037460350343,102.782286969778,3.0,71.1,39.8,24.8,39.0,4.9,,5.3,4.3,19.1,3.6,22.7,28.9,66.7,60.5,32.6,5.2,27.9,11.6,37.7,82.3,21.3698565838733,24.9,25.7546116260104,25.0840639256141,9.9,103.968990057438,14.3,116.6,120.9,21.7,,8.6,66.9319288276144,111.9,76.9,3.2,,80.9,103.8,8.1,19.4,152.3,6.9,40.9,67.8,15.4,22.0,36.2,32.7,35.237365976227,35.0770284070521,58.8916757870421,19.0,4.4,37.2,9.7,39.3,127.3,74.1,65.4,38.2,57.5,5.1,,6.5,28.1,162.3,149.7,7.7,13.2,,3.9,,10.4875261927828,12.4,53.1937542169074,27.42017942967,94.8,21.3,20.9,64.1,29.1,24.8,32.1,7.3,4.4,6.34013847684254,120.576731751149,,10.1,16.7,12.8,94.0,19.2,3.4,51.0,15.6,85.1,8.4,13.9,189.3,2.9,,8.0,4.0,44.7167502597156,28.9,171.2,78.7,73.8,73.8922850208058,133.3,4.5,13.3,18.8,18.0,,22.4,118.6,118.48918309108,118.494179431583,84.2,25.7,3.4,4.9,19.4,52.0,87.0,15.3,83.7,100.1,14.3,25.2,20.8,23.9,49.3,8.4,36.8,99.7,13.9,9.6,5.9,7.9,26.3,13.6,42.5,26.7,17.9,24.5,,25.3,60.3,67.0,99.0,93.6
2007,100.6,99.5806540734207,132.966457256269,17.1,31.0,,5.4,145.9,12.7,47.1015776352488,15.8,21.6,,5.4,4.6,45.7,16.5,9.9,57.7,15.1,7.3,4.8,20.0,115.9,,49.7,50.1,7.1,64.0,21.8,15.7,9.5,11.9,138.8,109.8,27.1,55.5,121.5,6.0,26.2228182308021,,140.2,8.7115061859311,159.5,,8.9,20.1,20.2,79.9,126.8,74.1,11.1,114.4,6.1,6.6,,4.1,3.9,4.5,83.1,21.0,35.6,58.9775302299217,25.5,26.8473038780496,26.9134638255248,21.6,32.7,22.4,124.2,62.1,6.0,105.6,97.6,4.5520123793031,13.9,20.9191262741835,26.9016558500717,5.43239533249603,,23.4,3.5,108.838835149628,4.4,,69.6,83.5,19.0,4.5,78.7,,4.2,,14.4,,39.4,129.6,132.3,39.7,84.8,106.498320304378,6.7,27.5,,6.8,41.4074827732328,62.9249984145612,109.421507499306,93.5141510692906,98.9507650854998,2.9,67.8,38.1,23.2,38.0,4.6,,5.1,4.2,19.1,3.5,22.0,26.8,62.8,60.1,32.6,4.8,25.6,11.4,35.9,78.5,19.8923355744236,23.9,24.6674909598643,24.038679719195,9.3,99.4647652396975,13.7,112.8,113.9,20.2,,8.0,64.1372843194463,107.0,74.0,3.1,,77.8,99.1,8.1,17.6,147.3,6.9,40.4,64.0,15.2,21.2,36.2,31.1,33.4937878620854,33.3527914229342,56.3820660646251,18.3,4.3,34.0,8.9,37.1,119.8,71.3,61.0,38.2,54.9,4.9,,6.5,26.9,153.8,145.2,7.6,12.4,,3.7,,10.0114676999212,12.2,50.8825533545062,27.2087147873338,93.0,20.6,20.2,62.7,28.3,23.4,31.4,7.0,4.2,6.1678095407418,115.947343030572,,9.9,15.2,12.0,84.5,19.2,3.1,46.8,14.7,79.4,8.1,13.9,182.4,2.9,,7.7,3.8,43.0465614160986,28.4,169.3,74.5,70.9,70.9719306913438,126.7,4.4,12.6,18.5,18.0,,22.3,113.7,113.673001812447,113.677933816177,81.5,25.0,3.3,4.8,19.2,48.9,81.6,14.5,80.1,97.2,14.0,24.5,20.1,22.1,47.2,8.2,35.5,93.0,13.4,9.4,5.8,7.7,24.7,12.7,39.3,26.1,17.4,24.0,,24.5,57.8,63.5,93.3,94.5
2008,96.3,94.5663442888353,128.829698671352,15.8,29.8,,5.1,136.7,12.4,45.4235317346504,15.4,20.5,,5.2,4.5,42.8,16.2,9.5,54.6,14.9,6.6,4.7,19.6,113.4,,46.3,47.3,6.9,63.5,20.6,15.7,9.5,11.4,132.4,103.0,26.9,51.4,118.1,5.9,25.5809030991965,,136.4,8.20560228771557,155.6,,8.9,18.5,19.6,77.4,122.2,69.2,10.9,110.3,5.9,6.5,,3.8,3.7,4.3,80.6,21.7,35.4,56.7759122780523,25.0,26.3004206567797,26.3616972437536,20.7,31.3,21.2,119.7,59.7,5.5,103.9,92.2,4.42982240556984,13.1,19.5365986051336,25.1975642511905,5.24517483128973,,23.2,3.3,106.254602310996,4.4,,67.1,80.0,17.2,4.4,75.9,,4.0,,14.4,,37.8,126.7,126.2,38.9,82.8,102.052213135081,6.5,26.5,,6.5,39.0796034648304,60.4491107733864,106.491460296986,90.6377165016864,96.0962650762669,2.8,64.5,36.6,21.7,36.9,4.4,,4.9,4.1,19.1,3.4,21.4,24.7,58.5,59.5,31.7,4.5,23.5,11.2,33.9,74.7,18.556085068097,22.9,23.689358013429,23.1201089447279,8.8,96.4076458076197,13.2,110.2,108.1,18.8,,7.3,61.6540594346517,102.2,71.6,2.9,,75.1,93.4,8.1,16.2,142.6,6.9,40.0,60.9,14.9,20.5,35.9,29.6,31.9083378854143,31.7788825791162,54.2383016078763,17.7,4.2,31.1,8.0,35.0,113.5,100.8,55.5,38.2,52.5,4.7,,6.4,25.7,146.7,141.3,7.5,11.6,,3.6,,9.62644553467456,12.0,48.926024129847,26.8576596716047,91.2,20.1,19.5,61.3,27.4,22.2,30.8,6.7,4.0,6.02216807826423,111.661505139188,,9.6,13.9,11.3,76.3,19.3,3.0,42.9,13.8,74.4,8.0,14.0,175.2,2.8,,7.4,3.6,41.5779641092012,27.8,165.9,67.9,68.0,67.9941540288794,120.5,4.2,12.0,18.3,18.0,,22.1,109.1,109.027749311968,109.032519746404,79.0,24.4,3.2,4.7,19.0,46.4,77.1,13.8,76.9,94.4,13.7,23.7,19.6,20.6,45.4,7.9,34.1,86.9,12.9,9.2,5.6,7.6,23.2,11.9,36.1,25.4,17.1,23.6,,23.6,55.5,60.3,88.3,93.3
2009,92.3,89.8937708801626,125.068880376474,14.5,28.7,,4.8,127.7,12.2,43.8280056568262,15.0,19.5,,5.0,4.4,40.1,15.8,9.1,51.7,14.6,6.1,4.6,19.2,111.0,,43.1,44.6,6.8,61.1,19.5,15.7,9.6,11.1,126.5,96.6,26.3,47.4,114.8,5.8,25.0368578032958,,132.5,7.76027410487438,151.6,,8.8,17.0,19.0,75.0,117.8,65.3,10.7,106.1,5.7,6.3,,3.6,3.5,4.2,78.3,22.4,35.2,53.7410339243706,22.6,23.7504038530957,23.8295714507635,19.8,30.0,20.2,115.3,57.3,5.0,98.3,87.2,4.32383720863246,12.5,18.3386165957891,23.6358890099941,5.07413395435597,,22.7,3.2,101.71794117135,4.3,,64.6,76.5,15.5,4.3,72.9,,4.0,,14.4,,36.3,124.1,120.2,38.1,80.9,97.822542003112,6.3,25.5,,6.3,36.896395610197,57.759432874007,103.845304399881,86.2284263179357,92.3233839738319,2.7,61.3,35.1,20.4,35.9,4.3,,4.7,4.1,19.1,3.3,20.8,22.5,55.2,58.9,30.9,4.3,21.7,11.0,31.7,71.1,17.4397684346091,22.1,22.7633119018568,22.263787689448,8.3,91.3736600700693,12.8,100.1,103.4,17.6,,6.7,58.9227713101148,98.1,68.5,2.9,,72.6,88.1,8.1,14.9,138.1,6.9,39.6,58.4,14.6,19.8,35.4,28.4,30.6407395899877,30.5187392633488,51.6666717915281,17.3,4.1,28.5,7.3,33.1,107.5,65.8,52.1,37.9,50.3,4.6,,6.3,24.6,140.9,138.0,7.3,10.8,,3.4,,9.31891643633644,11.9,46.6809529636836,26.9230388781068,89.3,19.7,19.0,59.9,26.6,21.1,30.2,6.3,3.9,5.88143265691212,107.512860852707,,9.4,13.0,10.7,69.6,25.4,2.8,39.4,13.0,70.1,7.8,14.0,168.1,2.8,,7.1,3.4,39.9990247789416,27.2,161.1,60.0,65.2,65.2794949099424,114.7,4.0,20.8,18.2,18.0,,21.6,104.8,104.803006939013,104.807576149189,76.7,23.8,3.1,4.6,19.0,44.4,72.5,13.1,74.0,91.6,13.4,23.0,19.1,19.2,44.1,7.7,32.7,81.5,12.3,9.0,5.4,7.5,21.8,11.3,33.1,24.6,17.0,23.3,,22.8,53.1,57.5,83.1,90.2
2010,88.4,85.6431174861221,121.70330735311,13.3,27.8,,4.6,119.6,11.9,42.1648831232092,14.5,18.6,,4.8,4.3,37.5,15.4,8.7,49.1,14.4,5.6,4.5,18.7,108.7,,40.2,42.0,6.7,58.7,18.6,15.6,9.7,10.8,121.1,90.7,25.4,43.8,110.5,5.7,24.6613736190603,,128.8,7.33675244461397,147.6,,8.7,15.7,18.4,72.7,113.7,62.3,10.5,102.5,5.5,6.2,,3.4,3.4,4.1,75.9,23.1,35.1,51.4474980837933,21.5,22.5147319649624,22.5859930065119,18.9,28.7,19.2,111.1,55.2,4.6,88.2,82.5,4.19126312616087,11.9,17.3485485469543,22.2573017482272,4.86309204631435,,22.2,3.0,99.2295965643833,4.2,,61.9,73.3,14.1,4.2,69.7,,4.0,,14.5,,34.8,121.7,114.4,37.4,136.5,94.6197915990911,6.1,24.6,,6.0,34.9032663615388,55.7215682643456,101.498428219991,83.4270014413925,89.7025606186871,2.7,58.1,33.7,19.3,34.8,4.2,,4.6,4.0,19.0,3.2,20.2,20.4,53.3,58.4,29.4,4.1,20.1,10.7,29.5,67.7,16.2704377682045,22.8,23.5408823752335,22.9712328013803,7.8,88.3788540964609,12.6,91.4,99.6,16.6,,6.1,56.8445454205311,94.4,66.2,2.8,,70.6,82.9,8.1,13.9,133.8,6.9,39.1,56.4,14.5,19.2,34.7,27.2,29.4396057643692,29.3252861902536,49.7669820411857,17.0,4.0,26.3,6.6,31.2,104.5,63.2,49.4,37.5,48.1,4.4,,6.2,23.5,136.6,135.3,7.2,10.3,,3.3,,8.9758250681935,11.7,44.0945021033245,25.8552832244009,87.3,19.5,18.5,58.4,25.9,20.1,29.6,6.0,3.8,5.67222237040621,103.9234145166,,9.1,12.4,10.4,63.8,19.3,2.6,36.2,12.2,66.3,7.6,14.1,160.9,2.8,,6.9,3.2,37.9924672240114,26.5,156.1,51.6,62.4,62.4208760430745,109.2,3.8,11.2,18.2,18.0,,21.0,101.0,100.973803728042,100.977784666865,74.4,23.2,3.1,4.6,19.0,42.9,68.9,12.5,71.5,88.9,13.2,22.3,18.9,17.9,43.2,7.6,31.3,76.2,11.7,8.8,5.2,7.3,20.5,10.8,30.3,23.8,17.1,23.1,,22.1,51.2,55.1,78.5,85.4
2011,84.7,81.7408890490468,118.689843921004,12.2,27.1,,4.4,111.5,11.7,41.0520799213545,13.9,17.7,,4.5,4.2,35.1,15.1,8.4,46.7,14.2,5.2,4.4,18.2,106.4,,37.6,39.7,6.6,58.7,17.9,15.6,9.7,10.3,116.3,85.1,24.2,40.5,106.3,5.7,24.158956924786,,125.4,6.95114793098927,143.6,,8.5,14.6,17.8,70.3,109.7,60.0,10.2,99.2,5.3,6.1,,3.2,3.3,4.1,73.7,23.9,35.0,48.8580323104846,20.4,21.4288675369124,21.4942009588514,18.0,27.5,18.3,107.4,53.3,4.2,76.1,78.1,4.10823314552849,11.4,16.4984778292522,20.951532064129,4.69513816093294,,21.6,2.9,95.9064022787762,4.2,,59.4,70.2,13.0,4.1,66.5,,4.0,,14.5,,33.4,119.6,108.9,36.6,77.1,90.4260601605632,6.0,23.7,,5.9,33.0471759555192,53.5977324102737,99.3238433521193,80.0408257910957,86.7544897010029,2.7,55.0,32.3,18.3,33.7,4.1,,4.4,3.9,19.0,3.2,19.6,18.3,52.1,58.0,27.7,4.0,18.6,10.3,27.6,64.4,15.383091890266,20.6,21.15631334773,20.7844157495005,7.2,84.506667596574,12.4,87.6,96.6,19.5,,5.6,54.6571495019173,91.0,63.6,2.8,,69.0,76.7,8.1,13.0,129.8,6.8,38.7,54.8,14.7,18.5,34.0,26.6,28.7719503111639,28.6573340658198,47.7073123256751,16.8,3.9,24.4,6.0,29.4,100.1,60.5,49.1,36.8,46.0,4.3,,6.1,22.6,133.4,132.9,7.1,10.1,,3.1,,8.72758028497319,11.6,41.5507169187852,25.2849129054734,85.1,19.5,18.0,57.0,25.1,19.3,29.1,5.7,3.7,5.56568897255753,100.632795742238,,8.9,11.8,10.2,58.5,19.2,2.5,33.1,11.5,62.8,7.4,14.2,154.1,2.8,,6.7,3.1,36.0750841515511,25.7,151.2,45.5,59.7,59.6774792792029,104.3,3.7,10.8,18.3,17.9,,20.3,97.5,97.4928436859443,97.4968934885164,72.4,22.6,3.0,4.5,23.9,41.6,65.3,12.0,69.2,86.2,13.0,21.6,18.6,16.8,42.5,7.4,30.1,71.4,11.2,8.6,5.0,7.2,19.4,10.3,27.7,23.0,17.2,22.8,,21.3,49.3,53.1,76.3,80.0
2012,81.3,78.1054602352021,115.960087179086,11.2,26.5,,4.1,104.3,11.5,40.713488073242,13.3,16.8,,4.3,4.0,32.8,14.7,8.2,44.5,14.1,4.9,4.3,17.7,104.2,,35.5,37.5,6.5,54.2,17.2,15.6,9.8,9.8,111.9,80.0,22.8,37.6,102.0,5.6,23.613757578083,,122.4,6.62376923542153,139.7,,8.4,13.5,17.2,68.1,105.9,58.1,9.9,96.1,5.2,6.0,,3.1,3.2,4.1,71.5,24.7,35.0,46.7129011824939,19.2,20.0650407559047,20.1232208998561,17.3,26.3,17.4,103.8,51.5,3.9,69.9,73.9,4.00362171085148,10.9,15.5931696120851,19.6876110202038,4.54867448137993,,21.2,2.7,93.6840129190904,4.1,,56.9,67.4,12.1,4.0,63.3,,4.0,,14.7,,32.0,117.5,103.9,35.8,75.3,87.043775614015,5.8,22.8,,5.7,30.9275275723747,51.2811629919736,97.1673740808425,77.5553458636917,84.3826826310898,2.6,52.0,31.1,17.5,32.6,4.0,,4.3,3.8,18.9,3.0,19.1,16.3,51.3,57.9,25.8,3.8,17.4,9.9,26.1,61.3,14.4450119783813,20.0,20.4290845233562,20.1126844385729,6.6,81.3294335647457,12.3,85.1,94.0,15.0,,5.2,52.2912903053156,88.3,61.2,2.7,,67.8,70.4,8.1,12.1,126.0,6.8,38.1,53.3,14.9,17.9,33.2,26.9,29.0813297036039,28.95202264349,45.4135303733292,16.5,3.8,22.8,5.4,27.8,95.8,58.0,50.3,36.0,43.9,4.2,,6.0,21.7,131.0,130.9,6.9,10.3,,3.0,,8.45631222332428,11.5,39.6479322110157,24.7723635636498,82.9,19.7,17.7,55.6,24.4,18.5,28.7,5.4,3.7,5.42613609639615,97.6247029292088,,8.7,11.2,9.9,54.9,19.1,2.4,30.3,10.8,59.6,7.1,14.3,147.6,2.8,,6.6,2.9,34.6003902848744,25.0,146.2,41.7,57.0,57.0445658554792,101.0,3.6,10.4,18.4,17.9,,19.4,94.3,94.2881727710624,94.2920815312442,70.4,22.0,3.0,4.4,44.0,40.4,62.2,11.5,67.2,83.5,12.8,21.0,18.4,15.8,42.1,7.3,28.9,66.6,10.6,8.4,4.8,7.1,18.2,10.0,25.4,22.3,17.4,22.6,,20.5,47.4,51.6,74.3,71.7
2013,78.2,74.7821751343456,113.425291644295,10.5,26.0,,3.9,97.9,11.3,39.6670555526891,12.8,16.0,,4.1,3.9,30.5,14.4,7.9,42.4,13.9,4.6,4.2,17.1,101.9,,33.7,35.4,6.4,51.3,16.7,15.7,9.9,9.2,107.8,75.3,21.3,35.2,97.5,5.5,23.250203145351,,120.2,6.31067420009414,135.8,,8.2,12.5,16.6,65.8,102.1,56.4,9.6,92.8,5.1,6.0,,3.0,3.1,4.1,69.4,25.5,35.0,44.5768088032626,18.3,19.2440659336166,19.2939823379378,16.5,25.2,16.6,100.3,49.7,3.6,67.2,70.1,3.95983022467617,10.5,14.8714308509456,18.6558276519569,4.44093852863956,,21.0,2.6,91.2856692875999,4.1,,54.5,64.6,11.4,4.0,60.4,,4.1,,14.8,,30.7,115.5,99.6,35.0,73.5,83.7596440415154,5.7,22.0,,5.6,29.4923772235452,49.7360298955023,95.0523970494566,74.8605842979352,81.8696785924278,2.6,49.1,29.8,16.8,31.5,3.9,,4.1,3.7,18.9,2.9,18.6,14.5,50.1,58.0,23.9,3.7,16.2,9.6,24.7,58.4,13.664198289079,19.4,19.7786675004321,19.5275412523656,6.0,78.2358810759577,12.4,83.7,91.7,14.4,,5.0,50.7065165717949,85.3,58.9,2.7,,66.8,64.3,8.1,11.3,122.3,6.7,37.3,51.9,14.9,17.3,32.2,26.2,28.2504139171658,28.1242166946026,43.9653203425141,16.2,3.7,21.5,4.9,26.2,91.2,55.6,48.0,35.0,41.9,4.2,,5.8,20.8,129.2,129.1,6.8,10.7,,2.9,,8.24348556369494,11.3,38.5752033530613,24.3400779458964,80.6,20.1,17.5,54.3,23.6,17.9,28.3,5.2,3.7,5.32604394473539,94.6691973455946,,8.4,10.6,9.5,52.0,18.9,2.2,27.7,10.2,56.6,6.9,14.4,141.6,2.8,,6.4,2.8,33.7208351916357,24.3,141.3,39.8,54.4,54.4195008499929,99.2,3.5,9.9,18.4,17.9,,18.5,91.3,91.2913759683596,91.2948861645876,68.5,21.5,2.9,4.4,48.6,39.5,59.4,11.1,65.3,80.8,12.7,20.4,18.2,14.9,42.0,7.1,27.8,62.3,10.2,8.2,4.6,7.0,17.4,9.7,23.3,21.8,17.8,22.3,,19.8,45.8,49.7,71.6,65.9
2014,75.3,71.9222516814605,111.332599846261,9.9,25.7,,3.8,92.5,11.1,38.4242588165071,12.2,15.2,,4.0,3.8,28.5,14.2,7.8,40.4,13.6,4.3,4.2,16.4,99.6,,32.0,33.6,6.4,50.4,16.3,15.6,9.9,8.7,104.0,71.0,19.8,33.3,93.4,5.4,22.6043260911363,,117.7,6.0382507112253,132.2,,8.1,11.5,16.1,63.6,98.6,54.6,9.3,89.4,5.0,6.0,,2.9,3.1,4.1,67.3,26.3,35.0,42.4804601380613,17.4,18.1682601328103,18.2130457117578,15.9,24.2,16.0,96.8,48.1,3.4,67.2,66.5,3.91802969099111,10.1,14.0876895083272,17.6793472123375,4.3561138561347,,21.0,2.5,89.1688499390156,4.1,,52.4,62.0,10.9,4.0,57.7,,4.2,,14.9,,29.5,114.2,95.6,34.1,71.7,80.8606508675677,5.6,21.2,,5.3,27.701583497486,47.9137025953612,93.3117628477766,72.4675867538122,79.6749000167137,2.6,46.3,28.6,16.1,30.6,3.8,,4.0,3.6,18.8,2.8,18.0,13.0,48.9,58.4,22.3,3.6,15.2,9.3,23.5,55.6,12.8377724889656,18.9,19.220475750176,19.0267639599561,5.5,75.5751583566121,12.5,83.0,91.9,13.8,,5.0,48.8517964626519,82.6,56.9,2.7,,66.2,59.6,8.1,10.5,118.8,6.7,36.4,50.5,14.7,16.8,31.4,25.1,26.9795081699935,26.893858124588,42.1887337058366,15.9,3.6,20.4,4.5,24.8,87.3,53.4,45.4,34.1,39.9,4.1,,5.7,20.1,127.8,127.7,6.7,11.2,,2.8,,8.00155657605627,11.2,37.3892062543907,23.9835349799875,78.4,20.6,17.3,52.9,22.9,17.4,28.1,5.0,3.7,5.23297020137986,92.1757923854172,,8.1,9.9,8.9,49.6,18.7,2.1,25.3,9.6,53.7,6.6,14.5,139.6,2.7,,6.3,2.7,32.7475371370695,23.6,137.0,38.6,51.9,51.9398869132797,98.8,3.4,9.3,18.4,17.8,,17.5,88.8,88.7381985874616,88.7415185967024,66.6,21.0,2.9,4.3,45.7,38.5,56.7,10.7,63.4,78.2,12.5,19.8,18.0,14.0,42.2,7.0,26.8,58.9,9.8,7.9,4.5,6.9,16.5,9.3,21.5,21.3,18.2,22.1,,21.3,44.3,48.6,69.2,62.3
2015,72.7,69.3771980001592,109.170143163427,9.6,25.3,,3.6,87.9,10.9,37.5063922866568,11.8,14.5,,3.9,3.7,26.6,14.0,7.6,38.5,13.3,4.1,4.1,15.7,97.4,,30.7,31.9,6.4,48.6,15.9,15.4,9.9,8.2,100.4,67.3,18.3,31.6,89.3,5.4,22.0648432520137,,114.8,5.80743186654372,128.6,,8.0,10.7,15.6,61.4,95.5,52.9,9.0,86.3,4.9,6.1,,2.9,3.2,4.1,65.2,27.1,35.1,40.6155851550556,16.8,17.6263770031494,17.6661980715682,15.3,23.2,15.3,93.5,46.4,3.1,63.5,63.1,3.87648466562236,9.6,13.3978069912888,16.836630644965,4.27630914406612,,21.3,2.5,87.1694272505386,4.2,,50.6,59.5,10.5,3.9,55.3,,4.3,,15.0,,28.4,112.4,92.1,33.1,69.7,78.1774666994547,5.5,20.5,,5.0,26.5940920164537,46.7630557261651,91.5139217206352,70.2899140903876,77.5883216491734,2.6,43.6,27.5,15.5,29.5,3.7,,3.9,3.5,18.7,2.8,17.5,11.9,47.5,59.0,21.1,3.5,14.3,9.1,22.2,53.1,12.226647749488,18.4,18.6719486929696,18.5696223004262,5.1,73.1741368377241,12.7,82.1,88.1,13.3,,4.9,47.6716745173911,80.1,55.0,2.7,,65.8,56.4,8.1,9.8,115.3,6.6,35.5,49.0,14.6,16.2,30.3,24.2,26.1095371154662,25.9896007524796,41.0965033628665,15.6,3.5,19.5,4.1,23.5,82.8,51.3,46.0,33.1,38.0,4.1,,5.5,19.3,126.5,126.2,6.7,11.2,,2.7,,7.76947340905659,11.2,35.8489684868185,23.7348780822544,76.1,21.2,17.2,51.5,22.1,17.0,27.9,4.9,3.6,5.15692364737115,89.862656115899,,7.7,9.2,8.3,47.7,18.5,2.0,23.1,9.1,50.9,6.3,14.6,140.5,2.7,,6.2,2.6,31.5918166856278,22.8,132.6,37.8,49.4,49.414024638656,98.8,3.3,8.8,18.2,17.8,,16.5,86.4,86.3478371635118,86.3510799124853,64.7,20.5,2.9,4.3,43.9,37.6,54.7,10.3,61.6,75.8,12.4,19.3,17.6,13.3,42.5,6.9,25.9,55.8,9.4,7.6,4.5,6.8,15.8,8.9,19.9,21.0,19.1,21.9,,18.4,43.1,49.3,68.0,60.2
2016,70.2,66.9475397335181,106.908147626066,9.4,24.9,,3.4,84.0,10.8,36.5468528982362,11.4,13.8,,3.8,3.6,24.8,13.8,7.5,36.8,13.0,3.9,4.1,14.9,95.2,,29.4,30.4,6.4,47.4,16.7,15.2,9.9,7.7,96.9,64.0,17.0,30.1,85.9,5.3,21.5113754603379,,111.9,5.55028379103698,125.0,,7.8,9.9,15.1,59.1,92.4,51.0,8.8,83.8,4.9,6.2,,3.0,3.2,4.0,63.2,28.0,35.1,38.9360630653283,16.0,16.6399649255574,16.6822169496146,14.8,22.4,14.7,90.3,44.9,2.9,60.6,59.9,3.85296643990251,9.2,12.6820051195427,16.0850257162599,4.20202897747095,,22.0,2.4,85.2675843606603,4.2,,48.6,57.1,10.2,3.9,53.0,,4.3,,15.1,,27.3,109.9,88.7,32.1,67.8,75.4891457226511,5.4,19.7,,4.7,25.2781911094963,45.1949310637527,89.7393588583624,67.9167784234392,75.4017380359775,2.6,41.1,26.4,14.9,28.6,3.6,,3.8,3.4,18.6,2.7,17.0,11.0,46.3,59.6,20.4,3.4,13.4,9.0,21.0,50.8,11.597651038519,18.6,18.589602221259,18.7718404599,4.7,70.6668993111835,13.0,77.8,86.0,12.8,,4.7,46.0375616863964,77.4,53.3,2.7,,65.7,53.2,8.2,9.0,112.0,6.5,34.5,47.5,14.7,15.7,29.5,23.0,24.9764555188887,24.8606775992008,39.6228314504298,15.4,3.4,18.5,3.8,22.3,79.4,49.4,45.3,32.2,36.2,4.1,,5.3,18.6,125.5,124.5,6.6,10.6,,2.6,,7.55412885219009,11.1,34.3694837983913,23.7122671116486,73.8,21.9,17.1,50.0,21.5,16.7,27.9,4.8,3.6,5.06798220015449,87.554893147831,,7.4,8.5,7.5,46.1,18.4,1.9,21.1,8.6,48.3,6.1,14.6,125.7,2.7,,6.1,2.6,30.5291240441801,22.2,128.5,37.2,47.0,47.0549056016372,98.8,3.3,8.3,18.0,17.7,,15.5,84.0,83.9808357505471,83.984038698957,62.7,20.0,2.8,4.2,34.7,36.6,52.4,10.0,59.6,73.4,12.3,18.7,17.1,12.7,42.9,6.8,25.1,52.6,9.2,7.3,4.4,6.7,15.1,8.5,18.5,20.8,24.2,21.7,,17.7,41.8,47.9,65.1,57.5
2017,67.9,64.6954814586762,104.73505972355,9.3,24.5,,3.2,80.4,10.6,35.781298879632,11.0,13.1,,3.8,3.6,23.2,13.7,7.3,35.1,12.7,3.6,4.0,14.2,93.0,,28.2,29.1,6.4,44.3,15.3,14.9,9.9,7.3,93.6,61.1,15.9,28.8,82.7,5.3,20.9371408988544,,110.2,5.27849409540225,121.2,,7.6,9.2,14.6,57.0,89.5,49.3,8.6,81.5,4.8,6.4,,3.0,3.2,4.0,61.0,28.8,35.0,37.3200951873556,15.3,15.888274666524,15.9232942173789,14.4,21.6,14.2,87.4,43.4,2.7,62.1,56.9,3.80645335296138,8.8,12.1493838373397,15.4189441321366,4.11774880702362,,22.9,2.4,83.4222430942222,4.2,,46.8,54.8,10.0,3.9,50.9,,4.2,,15.3,,26.4,108.0,85.7,31.1,65.9,73.1425036722997,5.3,19.0,,4.5,23.9831763551208,43.8866500705307,87.9012533099272,65.962247332923,73.4656270115128,2.6,38.7,25.4,14.3,27.7,3.5,,3.7,3.3,18.7,2.6,16.5,10.6,45.4,60.0,19.0,3.3,12.6,8.9,19.9,48.7,10.9049818085707,17.9,17.7891057872003,18.0280185991009,4.4,68.499630815745,13.4,76.0,84.3,12.3,,4.3,44.6498988865855,75.1,51.6,2.7,,65.7,50.4,8.2,8.3,108.9,6.4,33.7,46.1,15.0,15.2,28.6,22.5,24.3785737217716,24.2629269229723,38.2862035325506,15.1,3.3,17.5,3.6,21.2,77.0,47.7,44.0,31.2,34.5,4.0,,5.2,18.0,124.3,122.4,6.5,9.5,,2.5,,7.37699182418822,11.0,33.7871324393255,23.6559355206583,71.6,22.6,16.9,48.5,20.8,16.5,27.9,4.6,3.6,4.99470311333808,85.3632234210231,,7.0,7.9,6.9,44.7,18.1,1.8,19.4,8.1,45.9,5.9,14.7,121.0,2.6,,6.0,2.5,30.0343560998883,21.5,124.2,36.6,44.9,44.9008872213844,98.8,3.2,7.9,17.6,17.7,,14.6,81.8,81.7200374492408,81.7231142927568,60.8,19.4,2.8,4.1,37.4,35.6,50.2,9.6,57.7,71.0,12.2,18.1,16.3,12.0,43.2,6.7,24.2,50.0,8.9,7.0,4.4,6.6,14.3,8.0,17.3,20.4,24.2,21.5,,17.1,40.6,46.8,63.8,55.8
2018,65.8,62.5186438873047,102.25539988452,9.3,24.0,,3.1,77.1,10.4,35.2470015251336,10.6,12.5,,3.8,3.5,21.8,13.5,7.2,33.6,12.3,3.4,4.0,13.5,90.7,,27.2,27.9,6.3,43.7,15.0,14.5,9.9,7.0,90.3,58.6,14.9,27.5,79.8,5.2,20.3605681082036,,108.0,5.04714112377302,117.2,,7.4,8.6,14.2,55.0,86.5,47.8,8.5,78.9,4.8,6.6,,3.1,3.1,3.9,59.1,29.6,34.8,35.8950420268733,15.2,15.9856947259579,16.0145987920734,13.9,20.9,13.7,84.3,41.9,2.5,58.4,54.3,3.78372208367255,8.5,11.7551781745398,14.9916191884273,4.04170880316151,,24.2,2.4,81.5079110243667,4.3,,45.2,52.7,9.8,3.8,48.9,,4.2,,15.5,,25.4,105.9,82.7,30.2,64.1,70.8539141706876,5.2,18.4,,4.3,23.4971059448379,43.4498205856685,85.676644618126,64.0366708052755,71.4142711848165,2.7,36.4,24.5,13.9,26.8,3.4,,3.7,3.2,18.7,2.5,16.0,10.3,44.3,60.1,18.3,3.2,11.9,8.8,19.0,46.8,10.5911276624663,17.5,17.3378007823789,17.5879958001945,4.2,66.4116949770721,14.0,77.2,82.3,11.9,,4.0,44.1914817499664,73.0,50.1,2.7,,65.8,47.6,8.1,7.6,105.8,6.2,32.7,44.6,15.4,14.7,27.6,22.1,24.1513339843778,24.028629772031,37.8908427708348,14.9,3.2,16.5,3.4,20.3,74.8,46.0,43.1,30.1,32.8,4.0,,5.1,17.4,123.2,119.9,6.4,8.2,,2.5,,7.20097840318987,10.9,32.5162065318281,23.6757567793204,69.4,23.0,16.5,47.1,20.1,16.2,28.0,4.5,3.5,4.92349691268927,83.0789211814223,,6.6,7.3,6.3,43.4,17.8,1.7,18.0,7.7,43.7,5.8,14.8,116.6,2.5,,6.0,2.4,29.0863695004867,20.8,120.2,36.1,42.8,42.7611735945255,98.8,3.2,7.6,17.2,17.6,,13.7,79.5,79.3791388122693,79.382005804207,59.0,18.8,2.7,4.1,40.5,34.5,47.9,9.3,55.9,68.8,12.0,17.6,15.4,11.5,43.2,6.6,23.3,47.7,8.7,6.7,4.4,6.5,14.2,7.7,16.4,20.0,24.2,21.3,,16.5,40.0,47.2,64.0,53.4
2019,63.6,60.5577742604741,99.7167026809055,9.4,23.5,,3.0,74.2,10.2,34.0538010391212,10.3,11.9,,3.8,3.5,20.7,23.5,7.0,32.2,12.0,3.1,3.9,12.8,88.3,,26.3,26.8,6.3,42.6,14.8,14.2,9.9,6.7,87.3,56.3,14.1,26.5,77.3,5.1,20.9619229189887,,105.3,4.83889826298855,113.5,,7.1,8.0,13.7,53.2,83.8,52.4,8.3,76.1,4.7,6.9,,3.2,3.0,3.8,57.3,30.3,34.4,34.5188996619019,14.9,15.6203166698206,15.6420493734438,13.5,20.1,13.2,81.4,40.6,2.3,55.6,52.1,3.69501933614251,8.3,11.4206330847694,14.5659686755534,3.9212917980248,,25.5,2.3,79.3220061061737,4.2,,43.3,50.7,9.7,3.7,47.1,,4.1,,15.7,,24.6,103.7,79.8,29.2,62.2,68.7174630693849,5.1,17.7,,4.1,22.6172078487133,42.5552833604827,83.5358720274858,62.0128725612027,69.3161306552216,2.7,34.3,23.6,13.4,25.9,3.3,,3.6,3.0,18.8,2.5,15.5,10.2,43.4,59.7,17.3,3.1,11.2,8.8,18.3,45.0,10.1778338915259,17.1,16.9531151763747,17.1801642397819,4.0,64.4249763901942,14.7,78.1,80.0,11.5,,3.7,43.2429789350811,70.6,48.6,2.7,,66.1,45.4,8.0,7.0,102.7,6.1,31.7,43.2,15.8,14.2,26.7,21.2,23.1763967594433,23.0570081873653,37.0275075089672,14.7,3.1,15.6,3.2,19.4,72.0,44.5,41.5,29.2,31.3,4.0,,4.9,16.8,122.2,116.9,6.3,7.0,,2.4,,7.01449901236902,10.8,31.4698265528079,23.9110729427785,67.3,23.2,15.8,45.6,19.4,16.0,28.0,4.4,3.5,4.87487250080188,80.8000194676821,,6.2,6.8,5.8,42.0,20.3,1.6,16.9,7.3,41.8,5.7,14.8,112.2,2.4,,5.9,2.4,28.4977698204384,20.1,116.5,35.6,40.9,40.886738337382,98.8,3.2,7.3,16.8,17.6,,12.8,77.2,77.136801958459,77.1394740732674,57.1,18.3,2.6,4.0,27.0,33.5,46.0,9.0,53.9,66.5,11.8,17.0,14.4,11.0,42.8,6.4,22.5,45.5,8.5,6.3,4.3,6.5,13.8,7.3,15.5,19.7,24.2,21.1,,15.9,39.3,46.2,62.3,52.4
2020,61.6,58.7444741453597,97.0733389694909,9.4,22.9,,2.9,71.5,10.0,32.8991631742769,10.0,11.3,,3.8,3.4,19.7,13.3,6.9,31.0,11.6,2.9,3.9,12.2,85.8,,25.4,25.8,6.2,41.3,14.5,13.8,9.8,6.5,84.3,54.2,13.4,25.5,74.9,5.1,19.4198013508145,,102.4,4.73553890986251,109.8,,6.9,7.5,13.3,51.5,80.8,44.7,8.1,73.8,4.7,7.2,,3.3,2.9,3.7,55.4,31.1,33.9,33.1647799471478,15.0,15.8345393569931,15.843804956991,13.0,19.4,12.7,78.6,39.3,2.1,55.0,49.9,3.65975592301276,8.0,11.0162472311537,14.0416106904534,3.86866613869396,,26.8,2.3,77.1058288919982,4.2,,41.1,48.9,9.6,3.7,45.3,,4.1,,15.9,,23.7,101.2,77.0,28.3,60.2,66.5579525980205,5.0,17.1,,4.0,22.1193664396086,42.0473503346749,81.2334204799885,60.1122341772571,67.2653595672378,2.7,32.4,22.8,12.9,25.1,3.3,,3.5,2.9,18.9,2.4,15.1,10.1,43.0,58.8,16.5,3.0,10.5,8.8,17.8,43.3,9.94902648607297,16.6,16.5150281172415,16.7306849884522,3.7,62.4706029514306,15.5,76.6,77.7,11.1,,3.6,42.7207342918807,68.3,47.1,2.7,,66.3,43.2,8.0,6.4,99.7,6.0,30.7,41.8,15.8,13.7,25.8,20.3,22.2363976685576,22.1219367961373,36.6041998179294,14.5,3.0,14.7,3.0,18.6,70.1,42.9,40.0,28.3,29.8,4.0,,4.8,16.3,121.0,113.9,6.3,6.0,,2.3,,6.8539184349717,10.7,30.7566106813932,23.5775939732836,65.1,23.0,15.0,44.2,18.7,15.7,28.0,4.4,3.4,4.80406802978922,78.5088125236955,,5.9,6.5,5.4,40.5,17.1,1.6,15.9,7.0,40.0,5.5,14.8,108.2,2.3,,5.9,2.4,27.7410609077479,19.5,112.9,35.3,39.1,39.1442200630485,98.8,3.1,7.0,16.4,17.5,,12.1,75.0,74.9771848528182,74.9796746763929,55.3,17.7,2.6,4.0,22.7,32.4,44.2,8.7,52.1,64.4,11.5,16.5,13.3,10.5,42.2,6.3,21.7,43.6,8.4,5.9,4.3,6.4,13.7,7.0,14.7,19.2,24.2,20.9,,15.3,38.7,43.5,59.3,51.4
2021,59.6,56.953440173451,94.3543976160795,9.5,22.3,,2.8,69.1,9.8,32.3344484201622,9.7,10.8,,3.8,3.3,18.8,13.1,6.7,29.8,11.2,2.7,3.8,11.5,83.3,,24.5,24.8,6.1,39.9,14.3,13.5,9.8,6.3,81.4,52.3,12.8,24.6,72.2,5.0,18.8915332805071,,99.3,4.7020475133469,106.4,,6.6,7.0,12.8,49.8,78.2,43.2,7.9,71.5,4.6,7.6,,3.4,2.8,3.6,53.7,31.7,33.2,31.959716444011,14.9,15.7774237616412,15.7775058587839,12.6,18.7,12.3,76.0,38.0,2.0,51.6,48.0,3.57662040328914,7.7,10.6558756347883,13.5858440659038,3.79136300638245,,27.7,2.3,75.0170415930142,4.1,,39.9,47.2,9.5,3.6,43.8,,4.0,,16.0,,22.9,98.7,74.5,27.5,58.2,64.5465610688045,4.9,16.6,,4.0,21.5052528819191,41.2748068828222,79.0099272923083,58.4454908335786,65.3782166752634,2.7,30.6,22.0,12.4,24.3,3.2,,3.4,2.8,18.9,2.3,14.6,10.0,41.9,57.7,15.8,2.9,10.0,8.7,17.5,41.8,9.69125381497058,16.2,16.123143801829,16.3317930900732,3.5,60.7237050025591,16.4,73.9,75.5,10.7,,3.5,41.9250017652422,66.5,45.7,2.7,,66.3,41.4,7.9,6.0,96.7,5.8,29.6,40.5,15.5,13.3,25.0,20.0,21.827310376389,21.7102892071768,35.8597520747835,14.3,2.9,14.0,2.9,17.9,68.1,41.5,38.9,27.3,28.5,4.0,,4.7,15.7,119.3,110.6,6.2,5.2,,2.2,,6.63266612983998,10.6,29.7798612558827,23.3586149644664,63.0,22.8,14.1,42.9,18.1,15.4,27.9,4.4,3.2,4.7211794211964,76.2036542375064,,5.5,6.5,5.1,39.2,16.6,1.5,15.1,6.7,38.4,5.3,14.7,104.4,2.2,,5.9,2.4,26.949275068527,18.9,109.4,34.7,37.4,37.3967783238346,98.8,3.1,6.7,15.9,17.4,,11.4,72.8,72.7962220677252,72.7985530715119,53.4,17.2,2.5,4.0,21.6,31.4,42.1,8.4,50.3,62.4,11.2,15.9,12.3,10.1,41.4,6.1,21.0,42.0,8.2,5.6,4.2,6.3,13.4,6.8,14.0,18.7,24.2,20.6,,14.8,38.1,44.6,57.2,49.1
2022,57.7,55.3245370266354,91.6034457566494,9.4,21.8,,2.7,66.9,9.5,31.3837827888926,9.4,10.3,,3.8,3.2,18.1,12.9,6.5,28.8,10.9,2.6,3.7,10.9,80.8,,23.7,23.9,6.0,38.7,14.0,13.1,9.7,6.1,78.8,50.5,12.3,23.7,69.8,4.9,18.2932931574641,,96.8,4.72115746949245,102.9,,6.3,6.6,12.4,48.2,75.6,41.6,7.7,69.4,4.6,8.0,,3.5,2.6,3.5,51.9,32.2,32.4,30.8114113332823,14.5,15.2995736072457,15.3250955591002,12.2,18.1,11.9,73.4,36.6,1.9,50.0,46.2,3.51789091482991,7.5,10.2792293835648,13.106295204611,3.74811759840783,,28.2,2.3,72.8298999490343,4.1,,38.8,45.6,9.3,3.6,42.3,,3.9,,16.0,,22.1,96.0,71.9,26.6,56.5,62.6502977847266,4.8,16.0,,4.0,20.7253156589455,40.1658626376611,76.7050109365115,56.7708410260756,63.475364102044,2.6,29.1,21.3,12.0,23.5,3.1,,3.4,2.6,18.8,2.3,14.1,9.7,41.1,56.4,17.0,2.8,9.5,8.6,17.3,40.4,9.36949092845149,15.8,15.6780353510853,15.8870926059957,3.2,58.9653197917133,17.4,72.2,73.2,10.3,,3.5,40.7902480238566,64.5,44.2,2.7,,65.8,40.1,7.8,5.6,93.8,5.6,28.6,39.2,15.0,12.8,24.2,19.3,21.0036515637814,20.8910521247348,34.8168970179169,14.2,2.8,13.4,2.7,17.3,66.2,40.1,37.9,26.5,27.3,3.9,,4.6,15.2,117.3,107.2,6.1,4.6,,2.2,,6.46898924389421,10.5,28.9430746460862,23.012201998296,61.0,22.3,13.3,41.4,17.4,15.1,27.5,4.4,3.2,4.70124003777361,73.9472825890497,,5.2,6.8,4.8,38.0,16.1,1.5,14.5,6.4,37.0,5.1,14.5,100.8,2.2,,5.9,2.3,26.2338435163016,18.3,106.1,34.5,35.9,35.9074361369531,98.8,3.0,6.5,15.4,17.3,,10.9,70.7,70.6835799172069,70.6857636855527,51.6,16.6,2.5,4.0,21.4,30.3,40.5,8.1,48.6,60.4,10.9,15.4,11.5,9.6,40.4,5.9,20.4,40.5,8.5,5.3,4.1,6.3,13.0,6.6,13.3,18.2,24.2,20.3,,14.3,37.1,41.3,55.6,47.7
2023,57.7,55.3245370266354,91.6034457566494,9.4,21.8,,2.7,66.9,9.5,31.3837827888926,9.4,10.3,,3.8,3.2,18.1,12.9,6.5,28.8,10.9,2.6,3.7,10.9,80.8,,23.7,23.9,6.0,38.7,14.0,13.1,9.7,6.1,78.8,50.5,12.3,23.7,69.8,4.9,18.2932931574641,,96.8,4.72115746949245,102.9,,6.3,6.6,12.4,48.2,75.6,41.6,7.7,69.4,4.6,8.0,,3.5,2.6,3.5,51.9,32.2,32.4,30.8114113332823,14.5,15.2995736072457,15.3250955591002,12.2,18.1,11.9,73.4,36.6,1.9,50.0,46.2,3.51789091482991,7.5,10.2792293835648,13.106295204611,3.74811759840783,,28.2,2.3,72.8298999490343,4.1,,38.8,45.6,9.3,3.6,42.3,,3.9,,16.0,,22.1,96.0,71.9,26.6,56.5,62.6502977847266,4.8,16.0,,4.0,20.7253156589455,40.1658626376611,76.7050109365115,56.7708410260756,63.475364102044,2.6,29.1,21.3,12.0,23.5,3.1,,3.4,2.6,18.8,2.3,14.1,9.7,41.1,56.4,17.0,2.8,9.5,8.6,17.3,40.4,9.36949092845149,15.8,15.6780353510853,15.8870926059957,3.2,58.9653197917133,17.4,72.2,73.2,10.3,,3.5,40.7902480238566,64.5,44.2,2.7,,65.8,40.1,7.8,5.6,93.8,5.6,28.6,39.2,15.0,12.8,24.2,19.3,21.0036515637814,20.8910521247348,34.8168970179169,14.2,2.8,13.4,2.7,17.3,66.2,40.1,37.9,26.5,27.3,3.9,,4.6,15.2,117.3,107.2,6.1,4.6,,2.2,,6.46898924389421,10.5,28.9430746460862,23.012201998296,61.0,22.3,13.3,41.4,17.4,15.1,27.5,4.4,3.2,4.70124003777361,73.9472825890497,,5.2,6.8,4.8,38.0,16.1,1.5,14.5,6.4,37.0,5.1,14.5,100.8,2.2,,5.9,2.3,26.2338435163016,18.3,106.1,34.5,35.9,35.9074361369531,98.8,3.0,6.5,15.4,17.3,,10.9,70.7,70.6835799172069,70.6857636855527,51.6,16.6,2.5,4.0,21.4,30.3,40.5,8.1,48.6,60.4,10.9,15.4,11.5,9.6,40.4,5.9,20.4,40.5,8.5,5.3,4.1,6.3,13.0,6.6,13.3,18.2,24.2,20.3,,14.3,37.1,41.3,55.6,47.7
