year,country,population
1985,Uganda,15023681.0
1986,Uganda,15467579.0
1987,Uganda,15954170.0
1988,Uganda,16470483.0
1989,Uganda,17010698.0
1990,Uganda,17569897.0
1991,Uganda,18155901.0
1992,Uganda,18785032.0
1993,Uganda,19445161.0
1994,Uganda,20108801.0
1995,Uganda,20665667.0
1996,Uganda,21231550.0
1997,Uganda,21856046.0
1998,Uganda,22515806.0
1999,Uganda,23257281.0
2000,Uganda,24000150.0
2001,Uganda,24745676.0
2002,Uganda,25532870.0
2003,Uganda,26352124.0
2004,Uganda,27154515.0
2005,Uganda,27963289.0
2006,Uganda,28794003.0
2007,Uganda,29653430.0
2008,Uganda,30539553.0
2009,Uganda,31451151.0
2010,Uganda,32390802.0
2011,Uganda,33354543.0
2012,Uganda,34337438.0
2013,Uganda,35337042.0
2014,Uganda,36395539.0
2015,Uganda,37531446.0
2016,Uganda,38799152.0
2017,Uganda,40177388.0
2018,Uganda,41565831.0
2019,Uganda,42999637.0
2020,Uganda,44457152.0
2021,Uganda,45910930.0
2022,Uganda,47312719.0
2023,Uganda,48656601.0
1985,Nigeria,84897973.0
1986,Nigeria,87235953.0
1987,Nigeria,89591716.0
1988,Nigeria,92020090.0
1989,Nigeria,94531014.0
1990,Nigeria,97120925.0
1991,Nigeria,99720162.0
1992,Nigeria,102372770.0
1993,Nigeria,105122069.0
1994,Nigeria,107935714.0
1995,Nigeria,110819428.0
1996,Nigeria,113754779.0
1997,Nigeria,116754792.0
1998,Nigeria,119846254.0
1999,Nigeria,123047320.0
2000,Nigeria,126382494.0
2001,Nigeria,129862595.0
2002,Nigeria,133471989.0
2003,Nigeria,137202644.0
2004,Nigeria,141057045.0
2005,Nigeria,145017253.0
2006,Nigeria,149077334.0
2007,Nigeria,153267261.0
2008,Nigeria,157595014.0
2009,Nigeria,162049464.0
2010,Nigeria,166642886.0
2011,Nigeria,171379598.0
2012,Nigeria,176200625.0
2013,Nigeria,181049443.0
2014,Nigeria,185896915.0
2015,Nigeria,190671878.0
2016,Nigeria,195443700.0
2017,Nigeria,200254579.0
2018,Nigeria,204938755.0
2019,Nigeria,209485641.0
2020,Nigeria,213996181.0
2021,Nigeria,218529286.0
2022,Nigeria,223150896.0
2023,Nigeria,227882945.0
1985,Rwanda,6317228.0
1986,Rwanda,6531881.0
1987,Rwanda,6749493.0
1988,Rwanda,6968071.0
1989,Rwanda,7184706.0
1990,Rwanda,7375307.0
1991,Rwanda,7526966.0
1992,Rwanda,7683266.0
1993,Rwanda,7981132.0
1994,Rwanda,6792352.0
1995,Rwanda,5674118.0
1996,Rwanda,6708764.0
1997,Rwanda,7755238.0
1998,Rwanda,8081681.0
1999,Rwanda,8147912.0
2000,Rwanda,8213931.0
2001,Rwanda,8287094.0
2002,Rwanda,8400180.0
2003,Rwanda,8586875.0
2004,Rwanda,8816844.0
2005,Rwanda,9054528.0
2006,Rwanda,9299246.0
2007,Rwanda,9549933.0
2008,Rwanda,9804269.0
2009,Rwanda,10060432.0
2010,Rwanda,10317553.0
2011,Rwanda,10573733.0
2012,Rwanda,10829901.0
2013,Rwanda,11093340.0
2014,Rwanda,11364757.0
2015,Rwanda,11640022.0
2016,Rwanda,11919183.0
2017,Rwanda,12202060.0
2018,Rwanda,12487996.0
2019,Rwanda,12776103.0
2020,Rwanda,13065837.0
2021,Rwanda,13355260.0
2022,Rwanda,13651030.0
2023,Rwanda,13954471.0
1985,Senegal,6683287.0
1986,Senegal,6878192.0
1987,Senegal,7081530.0
1988,Senegal,7289618.0
1989,Senegal,7502207.0
1990,Senegal,7720523.0
1991,Senegal,7943085.0
1992,Senegal,8168395.0
1993,Senegal,8396288.0
1994,Senegal,8624078.0
1995,Senegal,8848101.0
1996,Senegal,9067014.0
1997,Senegal,9283495.0
1998,Senegal,9502952.0
1999,Senegal,9730887.0
2000,Senegal,9968260.0
2001,Senegal,10212942.0
2002,Senegal,10466214.0
2003,Senegal,10721176.0
2004,Senegal,10975704.0
2005,Senegal,11235472.0
2006,Senegal,11500094.0
2007,Senegal,11770344.0
2008,Senegal,12048959.0
2009,Senegal,12337389.0
2010,Senegal,12635413.0
2011,Senegal,12958897.0
2012,Senegal,13310495.0
2013,Senegal,13710849.0
2014,Senegal,14152102.0
2015,Senegal,14593331.0
2016,Senegal,15034521.0
2017,Senegal,15475002.0
2018,Senegal,15914498.0
2019,Senegal,16352922.0
2020,Senegal,16789219.0
2021,Senegal,17220867.0
2022,Senegal,17651103.0
2023,Senegal,18077573.0
1985,Ethiopia,39842136.0
1986,Ethiopia,41037656.0
1987,Ethiopia,42460039.0
1988,Ethiopia,44150825.0
1989,Ethiopia,45879690.0
1990,Ethiopia,47609755.0
1991,Ethiopia,49717198.0
1992,Ethiopia,51853747.0
1993,Ethiopia,53708891.0
1994,Ethiopia,55611508.0
1995,Ethiopia,57537335.0
1996,Ethiopia,59467635.0
1997,Ethiopia,61404539.0
1998,Ethiopia,63363524.0
1999,Ethiopia,65374561.0
2000,Ethiopia,67411494.0
2001,Ethiopia,69487762.0
2002,Ethiopia,71635517.0
2003,Ethiopia,73832663.0
2004,Ethiopia,76077206.0
2005,Ethiopia,78367470.0
2006,Ethiopia,80703490.0
2007,Ethiopia,83103217.0
2008,Ethiopia,85543668.0
2009,Ethiopia,88007636.0
2010,Ethiopia,90538514.0
2011,Ethiopia,93149970.0
2012,Ethiopia,95798767.0
2013,Ethiopia,98438751.0
2014,Ethiopia,101115610.0
2015,Ethiopia,103867135.0
2016,Ethiopia,106718162.0
2017,Ethiopia,109666481.0
2018,Ethiopia,112664152.0
2019,Ethiopia,115737383.0
2020,Ethiopia,118917671.0
2021,Ethiopia,122138588.0
2022,Ethiopia,125384287.0
2023,Ethiopia,128691692.0
1985,Algeria,22008544.0
1986,Algeria,22745499.0
1987,Algeria,23443624.0
1988,Algeria,24109536.0
1989,Algeria,24754485.0
1990,Algeria,25375810.0
1991,Algeria,25987928.0
1992,Algeria,26628568.0
1993,Algeria,27277048.0
1994,Algeria,27887279.0
1995,Algeria,28470191.0
1996,Algeria,29033044.0
1997,Algeria,29579301.0
1998,Algeria,30054133.0
1999,Algeria,30474354.0
2000,Algeria,30903893.0
2001,Algeria,31331221.0
2002,Algeria,31750835.0
2003,Algeria,32175818.0
2004,Algeria,32628286.0
2005,Algeria,33109249.0
2006,Algeria,33623506.0
2007,Algeria,34189416.0
2008,Algeria,34816961.0
2009,Algeria,35490445.0
2010,Algeria,36188236.0
2011,Algeria,36903376.0
2012,Algeria,37646166.0
2013,Algeria,38414171.0
2014,Algeria,39205031.0
2015,Algeria,40019529.0
2016,Algeria,40850721.0
2017,Algeria,41689299.0
2018,Algeria,42505035.0
2019,Algeria,43294546.0
2020,Algeria,44042091.0
2021,Algeria,44761099.0
2022,Algeria,45477389.0
2023,Algeria,46164219.0
1985,Egypt,50734968.0
1986,Egypt,52206295.0
1987,Egypt,53674435.0
1988,Egypt,55187681.0
1989,Egypt,56710642.0
1990,Egypt,58396618.0
1991,Egypt,60028997.0
1992,Egypt,61480660.0
1993,Egypt,62915681.0
1994,Egypt,64285589.0
1995,Egypt,65652622.0
1996,Egypt,67028048.0
1997,Egypt,68431740.0
1998,Egypt,69943294.0
1999,Egypt,71520954.0
2000,Egypt,73083284.0
2001,Egypt,74652029.0
2002,Egypt,76239137.0
2003,Egypt,77853548.0
2004,Egypt,79477443.0
2005,Egypt,81101004.0
2006,Egypt,82700403.0
2007,Egypt,84276225.0
2008,Egypt,85864789.0
2009,Egypt,87501636.0
2010,Egypt,89196072.0
2011,Egypt,91093059.0
2012,Egypt,93161001.0
2013,Egypt,95333553.0
2014,Egypt,97528654.0
2015,Egypt,99597342.0
2016,Egypt,101644589.0
2017,Egypt,103696057.0
2018,Egypt,105682094.0
2019,Egypt,107553158.0
2020,Egypt,109315124.0
2021,Egypt,110957008.0
2022,Egypt,112618250.0
2023,Egypt,114535772.0
1985,South Africa,35042093.0
1986,South Africa,36180515.0
1987,South Africa,37326190.0
1988,South Africa,38480649.0
1989,South Africa,39628575.0
1990,South Africa,40746268.0
1991,South Africa,41687898.0
1992,South Africa,42443509.0
1993,South Africa,43297156.0
1994,South Africa,44004139.0
1995,South Africa,44541554.0
1996,South Africa,45123018.0
1997,South Africa,45666838.0
1998,South Africa,46223880.0
1999,South Africa,46730335.0
2000,South Africa,47159719.0
2001,South Africa,47566800.0
2002,South Africa,48019415.0
2003,South Africa,48500348.0
2004,South Africa,48991421.0
2005,South Africa,49490033.0
2006,South Africa,49998277.0
2007,South Africa,50528584.0
2008,South Africa,51114599.0
2009,South Africa,51728516.0
2010,South Africa,52344051.0
2011,South Africa,52995205.0
2012,South Africa,53782567.0
2013,South Africa,54678791.0
2014,South Africa,55594838.0
2015,South Africa,56723537.0
2016,South Africa,57259551.0
2017,South Africa,57635162.0
2018,South Africa,58613001.0
2019,South Africa,59587885.0
2020,South Africa,60562381.0
2021,South Africa,61502603.0
2022,South Africa,62378410.0
2023,South Africa,63212384.0
1985,Morocco,22113953.0
1986,Morocco,22600803.0
1987,Morocco,23054392.0
1988,Morocco,23500524.0
1989,Morocco,23939414.0
1990,Morocco,24375551.0
1991,Morocco,24799014.0
1992,Morocco,25212468.0
1993,Morocco,25614586.0
1994,Morocco,26000822.0
1995,Morocco,26399429.0
1996,Morocco,26808107.0
1997,Morocco,27213337.0
1998,Morocco,27621648.0
1999,Morocco,28027179.0
2000,Morocco,28423435.0
2001,Morocco,28814643.0
2002,Morocco,29198142.0
2003,Morocco,29571415.0
2004,Morocco,29953018.0
2005,Morocco,30358144.0
2006,Morocco,30771178.0
2007,Morocco,31186468.0
2008,Morocco,31606767.0
2009,Morocco,32030778.0
2010,Morocco,32467016.0
2011,Morocco,32912588.0
2012,Morocco,33355241.0
2013,Morocco,33787571.0
2014,Morocco,34204780.0
2015,Morocco,34607588.0
2016,Morocco,35023457.0
2017,Morocco,35446392.0
2018,Morocco,35839760.0
2019,Morocco,36210898.0
2020,Morocco,36584208.0
2021,Morocco,36954442.0
2022,Morocco,37329064.0
2023,Morocco,37712505.0
1985,Ghana,13661229.0
1986,Ghana,13965217.0
1987,Ghana,14289108.0
1988,Ghana,14636568.0
1989,Ghana,15006813.0
1990,Ghana,15394648.0
1991,Ghana,15787496.0
1992,Ghana,16184855.0
1993,Ghana,16589519.0
1994,Ghana,16993190.0
1995,Ghana,17399017.0
1996,Ghana,17810181.0
1997,Ghana,18238958.0
1998,Ghana,18688036.0
1999,Ghana,19149864.0
2000,Ghana,19637087.0
2001,Ghana,20167069.0
2002,Ghana,20729388.0
2003,Ghana,21296705.0
2004,Ghana,21868298.0
2005,Ghana,22449438.0
2006,Ghana,23040702.0
2007,Ghana,23642279.0
2008,Ghana,24249946.0
2009,Ghana,24862664.0
2010,Ghana,25474995.0
2011,Ghana,26095088.0
2012,Ghana,26734268.0
2013,Ghana,27386193.0
2014,Ghana,28041592.0
2015,Ghana,28696068.0
2016,Ghana,29356742.0
2017,Ghana,30008354.0
2018,Ghana,30637585.0
2019,Ghana,31258945.0
2020,Ghana,31887809.0
2021,Ghana,32518665.0
2022,Ghana,33149152.0
2023,Ghana,33787914.0
1985,Brazil,135515595.0
1986,Brazil,138336370.0
1987,Brazil,141104944.0
1988,Brazil,143826357.0
1989,Brazil,146502972.0
1990,Brazil,149143223.0
1991,Brazil,151724256.0
1992,Brazil,154275079.0
1993,Brazil,156794577.0
1994,Brazil,159265006.0
1995,Brazil,161735073.0
1996,Brazil,164202549.0
1997,Brazil,166661659.0
1998,Brazil,169159655.0
1999,Brazil,171641543.0
2000,Brazil,174018282.0
2001,Brazil,176301203.0
2002,Brazil,178503484.0
2003,Brazil,180622688.0
2004,Brazil,182675143.0
2005,Brazil,184688101.0
2006,Brazil,186653106.0
2007,Brazil,188552320.0
2008,Brazil,190367302.0
2009,Brazil,192079951.0
2010,Brazil,193701929.0
2011,Brazil,195284734.0
2012,Brazil,196876111.0
2013,Brazil,198478299.0
2014,Brazil,200085127.0
2015,Brazil,201675532.0
2016,Brazil,203218114.0
2017,Brazil,204703445.0
2018,Brazil,206107261.0
2019,Brazil,207455459.0
2020,Brazil,208660842.0
2021,Brazil,209550294.0
2022,Brazil,210306415.0
2023,Brazil,211140729.0
1985,Colombia,29268470.0
1986,Colombia,29879112.0
1987,Colombia,30499467.0
1988,Colombia,31130524.0
1989,Colombia,31776279.0
1990,Colombia,32440069.0
1991,Colombia,33098372.0
1992,Colombia,33760571.0
1993,Colombia,34441473.0
1994,Colombia,35127410.0
1995,Colombia,35804662.0
1996,Colombia,36462745.0
1997,Colombia,37121149.0
1998,Colombia,37792165.0
1999,Colombia,38454863.0
2000,Colombia,39089934.0
2001,Colombia,39709262.0
2002,Colombia,40324680.0
2003,Colombia,40937429.0
2004,Colombia,41543171.0
2005,Colombia,42128977.0
2006,Colombia,42691084.0
2007,Colombia,43235374.0
2008,Colombia,43758808.0
2009,Colombia,44271541.0
2010,Colombia,44777319.0
2011,Colombia,45259614.0
2012,Colombia,45715810.0
2013,Colombia,46151584.0
2014,Colombia,46565429.0
2015,Colombia,46969940.0
2016,Colombia,47437512.0
2017,Colombia,48131078.0
2018,Colombia,49024465.0
2019,Colombia,49907985.0
2020,Colombia,50629997.0
2021,Colombia,51188173.0
2022,Colombia,51737944.0
2023,Colombia,52321152.0
1985,Paraguay,3510671.0
1986,Paraguay,3611474.0
1987,Paraguay,3714889.0
1988,Paraguay,3820546.0
1989,Paraguay,3927802.0
1990,Paraguay,4035747.0
1991,Paraguay,4144364.0
1992,Paraguay,4253600.0
1993,Paraguay,4362696.0
1994,Paraguay,4471417.0
1995,Paraguay,4579806.0
1996,Paraguay,4687543.0
1997,Paraguay,4794412.0
1998,Paraguay,4900025.0
1999,Paraguay,5003135.0
2000,Paraguay,5100868.0
2001,Paraguay,5187689.0
2002,Paraguay,5261328.0
2003,Paraguay,5326436.0
2004,Paraguay,5388175.0
2005,Paraguay,5448097.0
2006,Paraguay,5505148.0
2007,Paraguay,5559386.0
2008,Paraguay,5613574.0
2009,Paraguay,5671236.0
2010,Paraguay,5737971.0
2011,Paraguay,5814626.0
2012,Paraguay,5897008.0
2013,Paraguay,5982445.0
2014,Paraguay,6069811.0
2015,Paraguay,6159103.0
2016,Paraguay,6249126.0
2017,Paraguay,6338660.0
2018,Paraguay,6427382.0
2019,Paraguay,6515058.0
2020,Paraguay,6603739.0
2021,Paraguay,6684182.0
2022,Paraguay,6760464.0
2023,Paraguay,6844146.0
1985,Guatemala,7849693.0
1986,Guatemala,8070818.0
1987,Guatemala,8296485.0
1988,Guatemala,8532099.0
1989,Guatemala,8775546.0
1990,Guatemala,9024773.0
1991,Guatemala,9272584.0
1992,Guatemala,9522266.0
1993,Guatemala,9779761.0
1994,Guatemala,10043718.0
1995,Guatemala,10312996.0
1996,Guatemala,10583526.0
1997,Guatemala,10857754.0
1998,Guatemala,11139145.0
1999,Guatemala,11422965.0
2000,Guatemala,11697592.0
2001,Guatemala,11969422.0
2002,Guatemala,12246915.0
2003,Guatemala,12525842.0
2004,Guatemala,12807402.0
2005,Guatemala,13087629.0
2006,Guatemala,13367459.0
2007,Guatemala,13652040.0
2008,Guatemala,13935174.0
2009,Guatemala,14215611.0
2010,Guatemala,14500112.0
2011,Guatemala,14792126.0
2012,Guatemala,15089647.0
2013,Guatemala,15387337.0
2014,Guatemala,15681725.0
2015,Guatemala,15971743.0
2016,Guatemala,16268760.0
2017,Guatemala,16567357.0
2018,Guatemala,16845685.0
2019,Guatemala,17103803.0
2020,Guatemala,17357325.0
2021,Guatemala,17598650.0
2022,Guatemala,17847877.0
2023,Guatemala,18124838.0
1985,Haiti,6190862.0
1986,Haiti,6316122.0
1987,Haiti,6445123.0
1988,Haiti,6578145.0
1989,Haiti,6714730.0
1990,Haiti,6854441.0
1991,Haiti,6995450.0
1992,Haiti,7136571.0
1993,Haiti,7278181.0
1994,Haiti,7419771.0
1995,Haiti,7562546.0
1996,Haiti,7707557.0
1997,Haiti,7854298.0
1998,Haiti,8002143.0
1999,Haiti,8151296.0
2000,Haiti,8303151.0
2001,Haiti,8455918.0
2002,Haiti,8607641.0
2003,Haiti,8759912.0
2004,Haiti,8910263.0
2005,Haiti,9061273.0
2006,Haiti,9216562.0
2007,Haiti,9373296.0
2008,Haiti,9530774.0
2009,Haiti,9689581.0
2010,Haiti,9803294.0
2011,Haiti,9914904.0
2012,Haiti,10069771.0
2013,Haiti,10222362.0
2014,Haiti,10373235.0
2015,Haiti,10523242.0
2016,Haiti,10671457.0
2017,Haiti,10817754.0
2018,Haiti,10962362.0
2019,Haiti,11105163.0
2020,Haiti,11243848.0
2021,Haiti,11374586.0
2022,Haiti,11503606.0
2023,Haiti,11637398.0
1985,Canada,25842116.0
1986,Canada,26100278.0
1987,Canada,26446601.0
1988,Canada,26791747.0
1989,Canada,27276781.0
1990,Canada,27691138.0
1991,Canada,28037420.0
1992,Canada,28371264.0
1993,Canada,28684764.0
1994,Canada,29000663.0
1995,Canada,29302311.0
1996,Canada,29610218.0
1997,Canada,29905948.0
1998,Canada,30155173.0
1999,Canada,30401286.0
2000,Canada,30685730.0
2001,Canada,31020855.0
2002,Canada,31359199.0
2003,Canada,31642461.0
2004,Canada,31938807.0
2005,Canada,32242732.0
2006,Canada,32571193.0
2007,Canada,32888886.0
2008,Canada,33247298.0
2009,Canada,33630069.0
2010,Canada,34005902.0
2011,Canada,34339221.0
2012,Canada,34713395.0
2013,Canada,35080992.0
2014,Canada,35434066.0
2015,Canada,35704498.0
2016,Canada,36110803.0
2017,Canada,36545075.0
2018,Canada,37072620.0
2019,Canada,37618495.0
2020,Canada,38028638.0
2021,Canada,38239864.0
2022,Canada,38939056.0
2023,Canada,40097761.0
1985,United States,237924000.0
1986,United States,240133000.0
1987,United States,242289000.0
1988,United States,244499000.0
1989,United States,246819000.0
1990,United States,249623000.0
1991,United States,252981000.0
1992,United States,256514000.0
1993,United States,259919000.0
1994,United States,263126000.0
1995,United States,266278000.0
1996,United States,269394000.0
1997,United States,272657000.0
1998,United States,275854000.0
1999,United States,279040000.0
2000,United States,282162411.0
2001,United States,284968955.0
2002,United States,287625193.0
2003,United States,290107933.0
2004,United States,292805298.0
2005,United States,295516599.0
2006,United States,298379912.0
2007,United States,301231207.0
2008,United States,304093966.0
2009,United States,306771529.0
2010,United States,309327143.0
2011,United States,311583481.0
2012,United States,313877662.0
2013,United States,316059947.0
2014,United States,318386329.0
2015,United States,320738994.0
2016,United States,323071755.0
2017,United States,325122128.0
2018,United States,326838199.0
2019,United States,328329953.0
2020,United States,331526933.0
2021,United States,332048977.0
2022,United States,333271411.0
2023,United States,334914895.0
1985,Chile,12395274.0
1986,Chile,12588914.0
1987,Chile,12790150.0
1988,Chile,12999424.0
1989,Chile,13215005.0
1990,Chile,13437176.0
1991,Chile,13662491.0
1992,Chile,13884577.0
1993,Chile,14102276.0
1994,Chile,14316256.0
1995,Chile,14527381.0
1996,Chile,14734046.0
1997,Chile,14932434.0
1998,Chile,15127799.0
1999,Chile,15319313.0
2000,Chile,15503635.0
2001,Chile,15683849.0
2002,Chile,15857925.0
2003,Chile,16024752.0
2004,Chile,16187322.0
2005,Chile,16348778.0
2006,Chile,16509195.0
2007,Chile,16671581.0
2008,Chile,16838988.0
2009,Chile,17009731.0
2010,Chile,17181464.0
2011,Chile,17351816.0
2012,Chile,17519119.0
2013,Chile,17687006.0
2014,Chile,17864195.0
2015,Chile,18047625.0
2016,Chile,18267221.0
2017,Chile,18558868.0
2018,Chile,18893191.0
2019,Chile,19197744.0
2020,Chile,19370624.0
2021,Chile,19456334.0
2022,Chile,19553036.0
2023,Chile,19658835.0
1985,Argentina,30336441.0
1986,Argentina,30811980.0
1987,Argentina,31291762.0
1988,Argentina,31780532.0
1989,Argentina,32270948.0
1990,Argentina,32755901.0
1991,Argentina,33230294.0
1992,Argentina,33693527.0
1993,Argentina,34152717.0
1994,Argentina,34613491.0
1995,Argentina,35070020.0
1996,Argentina,35513793.0
1997,Argentina,35947791.0
1998,Argentina,36372860.0
1999,Argentina,36794682.0
2000,Argentina,37213984.0
2001,Argentina,37624825.0
2002,Argentina,38029349.0
2003,Argentina,38424282.0
2004,Argentina,38815916.0
2005,Argentina,39216789.0
2006,Argentina,39622115.0
2007,Argentina,40016763.0
2008,Argentina,40424148.0
2009,Argentina,40854831.0
2010,Argentina,41288694.0
2011,Argentina,41730660.0
2012,Argentina,42161721.0
2013,Argentina,42582455.0
2014,Argentina,43024071.0
2015,Argentina,43477012.0
2016,Argentina,43900313.0
2017,Argentina,44288894.0
2018,Argentina,44654882.0
2019,Argentina,44973465.0
2020,Argentina,45191965.0
2021,Argentina,45312281.0
2022,Argentina,45407904.0
2023,Argentina,45538401.0
1985,Panama,2200915.0
1986,Panama,2251325.0
1987,Panama,2301970.0
1988,Panama,2352848.0
1989,Panama,2403820.0
1990,Panama,2455583.0
1991,Panama,2508265.0
1992,Panama,2561336.0
1993,Panama,2615099.0
1994,Panama,2669546.0
1995,Panama,2724557.0
1996,Panama,2780227.0
1997,Panama,2836695.0
1998,Panama,2893914.0
1999,Panama,2951822.0
2000,Panama,3010369.0
2001,Panama,3069537.0
2002,Panama,3129344.0
2003,Panama,3189807.0
2004,Panama,3251155.0
2005,Panama,3313026.0
2006,Panama,3375024.0
2007,Panama,3437490.0
2008,Panama,3500648.0
2009,Panama,3564381.0
2010,Panama,3628535.0
2011,Panama,3693505.0
2012,Panama,3759256.0
2013,Panama,3825329.0
2014,Panama,3892101.0
2015,Panama,3960035.0
2016,Panama,4029086.0
2017,Panama,4098707.0
2018,Panama,4167860.0
2019,Panama,4234700.0
2020,Panama,4293261.0
2021,Panama,4345405.0
2022,Panama,4400773.0
2023,Panama,4458759.0
1985,Philippines,55213006.0
1986,Philippines,56645077.0
1987,Philippines,58157496.0
1988,Philippines,59739052.0
1989,Philippines,61265260.0
1990,Philippines,62854666.0
1991,Philippines,64382249.0
1992,Philippines,65926125.0
1993,Philippines,67530621.0
1994,Philippines,69019291.0
1995,Philippines,70546246.0
1996,Philippines,72190242.0
1997,Philippines,73908810.0
1998,Philippines,75791024.0
1999,Philippines,77753257.0
2000,Philippines,79625397.0
2001,Philippines,81401488.0
2002,Philippines,83068889.0
2003,Philippines,84731835.0
2004,Philippines,86394504.0
2005,Philippines,88015962.0
2006,Philippines,89508986.0
2007,Philippines,91075184.0
2008,Philippines,92699095.0
2009,Philippines,94384250.0
2010,Philippines,96337125.0
2011,Philippines,98248614.0
2012,Philippines,100175512.0
2013,Philippines,102076336.0
2014,Philippines,103767130.0
2015,Philippines,105312992.0
2016,Philippines,106735719.0
2017,Philippines,108119693.0
2018,Philippines,109465287.0
2019,Philippines,110804683.0
2020,Philippines,112081264.0
2021,Philippines,113100950.0
2022,Philippines,113964338.0
2023,Philippines,114891199.0
1985,Bangladesh,100253825.0
1986,Bangladesh,102635572.0
1987,Bangladesh,104959291.0
1988,Bangladesh,107216008.0
1989,Bangladesh,109433799.0
1990,Bangladesh,111633717.0
1991,Bangladesh,113787109.0
1992,Bangladesh,115952192.0
1993,Bangladesh,118132360.0
1994,Bangladesh,120343179.0
1995,Bangladesh,122600370.0
1996,Bangladesh,124862179.0
1997,Bangladesh,127198069.0
1998,Bangladesh,129622332.0
1999,Bangladesh,132108065.0
2000,Bangladesh,134544304.0
2001,Bangladesh,136805810.0
2002,Bangladesh,138933658.0
2003,Bangladesh,140970351.0
2004,Bangladesh,142902856.0
2005,Bangladesh,144715786.0
2006,Bangladesh,146405973.0
2007,Bangladesh,147989278.0
2008,Bangladesh,149474264.0
2009,Bangladesh,150873714.0
2010,Bangladesh,152201981.0
2011,Bangladesh,153591076.0
2012,Bangladesh,155070101.0
2013,Bangladesh,156532141.0
2014,Bangladesh,157964929.0
2015,Bangladesh,159383179.0
2016,Bangladesh,160811932.0
2017,Bangladesh,162186147.0
2018,Bangladesh,163523103.0
2019,Bangladesh,164913055.0
2020,Bangladesh,166298024.0
2021,Bangladesh,167658854.0
2022,Bangladesh,169384897.0
2023,Bangladesh,171466990.0
1985,India,772647793.0
1986,India,790689978.0
1987,India,808931270.0
1988,India,827342990.0
1989,India,846039529.0
1990,India,864972221.0
1991,India,883927600.0
1992,India,902957070.0
1993,India,922118387.0
1994,India,941163767.0
1995,India,960301044.0
1996,India,979678458.0
1997,India,999133762.0
1998,India,1018665080.0
1999,India,1038225823.0
2000,India,1057922733.0
2001,India,1077898575.0
2002,India,1097600380.0
2003,India,1116803006.0
2004,India,1135991513.0
2005,India,1154676322.0
2006,India,1172878890.0
2007,India,1190676021.0
2008,India,1207930964.0
2009,India,1225524753.0
2010,India,1243481564.0
2011,India,1261224954.0
2012,India,1278674502.0
2013,India,1295829511.0
2014,India,1312277191.0
2015,India,1328024498.0
2016,India,1343944296.0
2017,India,1359657400.0
2018,India,1374659064.0
2019,India,1389030312.0
2020,India,1402617695.0
2021,India,1414203896.0
2022,India,1425423212.0
2023,India,1438069596.0
1985,Nepal,17477692.0
1986,Nepal,17868124.0
1987,Nepal,18250505.0
1988,Nepal,18638661.0
1989,Nepal,19057807.0
1990,Nepal,19524573.0
1991,Nepal,20036500.0
1992,Nepal,20609707.0
1993,Nepal,21180159.0
1994,Nepal,21717479.0
1995,Nepal,22245439.0
1996,Nepal,22741862.0
1997,Nepal,23219463.0
1998,Nepal,23680357.0
1999,Nepal,24125199.0
2000,Nepal,24546509.0
2001,Nepal,24946748.0
2002,Nepal,25328981.0
2003,Nepal,25688758.0
2004,Nepal,26016656.0
2005,Nepal,26309458.0
2006,Nepal,26565425.0
2007,Nepal,26788492.0
2008,Nepal,26990037.0
2009,Nepal,27173035.0
2010,Nepal,27341952.0
2011,Nepal,27464494.0
2012,Nepal,27534915.0
2013,Nepal,27589996.0
2014,Nepal,27672370.0
2015,Nepal,27823629.0
2016,Nepal,27955462.0
2017,Nepal,28011258.0
2018,Nepal,28079689.0
2019,Nepal,28414064.0
2020,Nepal,28966574.0
2021,Nepal,29475010.0
2022,Nepal,29715436.0
2023,Nepal,29694614.0
1985,Pakistan,98229285.0
1986,Pakistan,101606764.0
1987,Pakistan,105130717.0
1988,Pakistan,108724739.0
1989,Pakistan,112336629.0
1990,Pakistan,116155576.0
1991,Pakistan,120060406.0
1992,Pakistan,123546848.0
1993,Pakistan,127020117.0
1994,Pakistan,130748083.0
1995,Pakistan,134582253.0
1996,Pakistan,138557092.0
1997,Pakistan,142531804.0
1998,Pakistan,146522356.0
1999,Pakistan,150565377.0
2000,Pakistan,154879127.0
2001,Pakistan,159270907.0
2002,Pakistan,163222549.0
2003,Pakistan,167110248.0
2004,Pakistan,171286000.0
2005,Pakistan,175453212.0
2006,Pakistan,179682690.0
2007,Pakistan,184493231.0
2008,Pakistan,189499113.0
2009,Pakistan,194376534.0
2010,Pakistan,199239047.0
2011,Pakistan,203746065.0
2012,Pakistan,207667125.0
2013,Pakistan,211073978.0
2014,Pakistan,214264647.0
2015,Pakistan,217290883.0
2016,Pakistan,220138869.0
2017,Pakistan,223273967.0
2018,Pakistan,226928892.0
2019,Pakistan,230800899.0
2020,Pakistan,235001746.0
2021,Pakistan,239477801.0
2022,Pakistan,243700667.0
2023,Pakistan,247504495.0
1985,China,1051040000.0
1986,China,1066790000.0
1987,China,1084035000.0
1988,China,1101630000.0
1989,China,1118650000.0
1990,China,1135185000.0
1991,China,1150780000.0
1992,China,1164970000.0
1993,China,1178440000.0
1994,China,1191835000.0
1995,China,1204855000.0
1996,China,1217550000.0
1997,China,1230075000.0
1998,China,1241935000.0
1999,China,1252735000.0
2000,China,1262645000.0
2001,China,1271850000.0
2002,China,1280400000.0
2003,China,1288400000.0
2004,China,1296075000.0
2005,China,1303720000.0
2006,China,1311020000.0
2007,China,1317885000.0
2008,China,1324655000.0
2009,China,1331260000.0
2010,China,1337705000.0
2011,China,1345035000.0
2012,China,1354190000.0
2013,China,1363240000.0
2014,China,1371860000.0
2015,China,1379860000.0
2016,China,1387790000.0
2017,China,1396215000.0
2018,China,1402760000.0
2019,China,1407745000.0
2020,China,1411100000.0
2021,China,1412360000.0
2022,China,1412175000.0
2023,China,1410710000.0
1985,Singapore,2735957.0
1986,Singapore,2733373.0
1987,Singapore,2774789.0
1988,Singapore,2846108.0
1989,Singapore,2930901.0
1990,Singapore,3047132.0
1991,Singapore,3135083.0
1992,Singapore,3230698.0
1993,Singapore,3313471.0
1994,Singapore,3419048.0
1995,Singapore,3524506.0
1996,Singapore,3670704.0
1997,Singapore,3796038.0
1998,Singapore,3927213.0
1999,Singapore,3958723.0
2000,Singapore,4027887.0
2001,Singapore,4138012.0
2002,Singapore,4175950.0
2003,Singapore,4114826.0
2004,Singapore,4166664.0
2005,Singapore,4265762.0
2006,Singapore,4401365.0
2007,Singapore,4588599.0
2008,Singapore,4839396.0
2009,Singapore,4987573.0
2010,Singapore,5076732.0
2011,Singapore,5183688.0
2012,Singapore,5312437.0
2013,Singapore,5399162.0
2014,Singapore,5469724.0
2015,Singapore,5535002.0
2016,Singapore,5607283.0
2017,Singapore,5612253.0
2018,Singapore,5638676.0
2019,Singapore,5703569.0
2020,Singapore,5685807.0
2021,Singapore,5453566.0
2022,Singapore,5637022.0
2023,Singapore,5917648.0
1985,Japan,120837000.0
1986,Japan,121482000.0
1987,Japan,122069000.0
1988,Japan,122578000.0
1989,Japan,123069000.0
1990,Japan,123478000.0
1991,Japan,123964000.0
1992,Japan,124425000.0
1993,Japan,124829000.0
1994,Japan,125178000.0
1995,Japan,125472000.0
1996,Japan,125757000.0
1997,Japan,126057000.0
1998,Japan,126400000.0
1999,Japan,126631000.0
2000,Japan,126843000.0
2001,Japan,127149000.0
2002,Japan,127445000.0
2003,Japan,127718000.0
2004,Japan,127761000.0
2005,Japan,127773000.0
2006,Japan,127854000.0
2007,Japan,128001000.0
2008,Japan,128063000.0
2009,Japan,128047000.0
2010,Japan,128070000.0
2011,Japan,127833000.0
2012,Japan,127629000.0
2013,Japan,127445000.0
2014,Japan,127276000.0
2015,Japan,127141000.0
2016,Japan,127076000.0
2017,Japan,126972000.0
2018,Japan,126811000.0
2019,Japan,126633000.0
2020,Japan,126261000.0
2021,Japan,125681593.0
2022,Japan,125124989.0
2023,Japan,124516650.0
1985,Malaysia,15252258.0
1986,Malaysia,15760419.0
1987,Malaysia,16276737.0
1988,Malaysia,16796605.0
1989,Malaysia,17314997.0
1990,Malaysia,17833171.0
1991,Malaysia,18342464.0
1992,Malaysia,18834572.0
1993,Malaysia,19322664.0
1994,Malaysia,19820446.0
1995,Malaysia,20330599.0
1996,Malaysia,20850087.0
1997,Malaysia,21375218.0
1998,Malaysia,21906713.0
1999,Malaysia,22435531.0
2000,Malaysia,22967816.0
2001,Malaysia,23526538.0
2002,Malaysia,24102477.0
2003,Malaysia,24679602.0
2004,Malaysia,25256772.0
2005,Malaysia,25836071.0
2006,Malaysia,26417909.0
2007,Malaysia,26998389.0
2008,Malaysia,27570059.0
2009,Malaysia,28124778.0
2010,Malaysia,28655776.0
2011,Malaysia,29162039.0
2012,Malaysia,29662831.0
2013,Malaysia,30174265.0
2014,Malaysia,30696137.0
2015,Malaysia,31232798.0
2016,Malaysia,31789685.0
2017,Malaysia,32355644.0
2018,Malaysia,32910967.0
2019,Malaysia,33440596.0
2020,Malaysia,33889558.0
2021,Malaysia,34282399.0
2022,Malaysia,34695493.0
2023,Malaysia,35126298.0
1985,Thailand,50270753.0
1986,Thailand,51177834.0
1987,Thailand,52074105.0
1988,Thailand,52969595.0
1989,Thailand,53848956.0
1990,Thailand,54738329.0
1991,Thailand,55637434.0
1992,Thailand,56528834.0
1993,Thailand,57408198.0
1994,Thailand,58260854.0
1995,Thailand,59098232.0
1996,Thailand,59920064.0
1997,Thailand,60724584.0
1998,Thailand,61522630.0
1999,Thailand,62299043.0
2000,Thailand,63007815.0
2001,Thailand,63651141.0
2002,Thailand,64266437.0
2003,Thailand,64868166.0
2004,Thailand,65452047.0
2005,Thailand,66017420.0
2006,Thailand,66567687.0
2007,Thailand,67102394.0
2008,Thailand,67619830.0
2009,Thailand,68121080.0
2010,Thailand,68579447.0
2011,Thailand,69007208.0
2012,Thailand,69436098.0
2013,Thailand,69845114.0
2014,Thailand,70216367.0
2015,Thailand,70540795.0
2016,Thailand,70859841.0
2017,Thailand,71160187.0
2018,Thailand,71376079.0
2019,Thailand,71522271.0
2020,Thailand,71641484.0
2021,Thailand,71727332.0
2022,Thailand,71735329.0
2023,Thailand,71702435.0
1985,Hungary,10648713.0
1986,Hungary,10630564.0
1987,Hungary,10612741.0
1988,Hungary,10596487.0
1989,Hungary,10481719.0
1990,Hungary,10373988.0
1991,Hungary,10373400.0
1992,Hungary,10369341.0
1993,Hungary,10357523.0
1994,Hungary,10343355.0
1995,Hungary,10328965.0
1996,Hungary,10311238.0
1997,Hungary,10290486.0
1998,Hungary,10266570.0
1999,Hungary,10237530.0
2000,Hungary,10210971.0
2001,Hungary,10187576.0
2002,Hungary,10158608.0
2003,Hungary,10129552.0
2004,Hungary,10107146.0
2005,Hungary,10087065.0
2006,Hungary,10071370.0
2007,Hungary,10055780.0
2008,Hungary,10038188.0
2009,Hungary,10022650.0
2010,Hungary,10000023.0
2011,Hungary,9971727.0
2012,Hungary,9920362.0
2013,Hungary,9893082.0
2014,Hungary,9866468.0
2015,Hungary,9843028.0
2016,Hungary,9814023.0
2017,Hungary,9787966.0
2018,Hungary,9775564.0
2019,Hungary,9771141.0
2020,Hungary,9750149.0
2021,Hungary,9709891.0
2022,Hungary,9644377.0
2023,Hungary,9592186.0
1985,Romania,22732999.0
1986,Romania,22836841.0
1987,Romania,22949430.0
1988,Romania,23057662.0
1989,Romania,23161458.0
1990,Romania,23201835.0
1991,Romania,23001155.0
1992,Romania,22794284.0
1993,Romania,22763280.0
1994,Romania,22730211.0
1995,Romania,22684270.0
1996,Romania,22619004.0
1997,Romania,22553978.0
1998,Romania,22507344.0
1999,Romania,22472040.0
2000,Romania,22442971.0
2001,Romania,22131970.0
2002,Romania,21730496.0
2003,Romania,21574326.0
2004,Romania,21451748.0
2005,Romania,21319685.0
2006,Romania,21193760.0
2007,Romania,20882982.0
2008,Romania,20537875.0
2009,Romania,20367487.0
2010,Romania,20246871.0
2011,Romania,20147528.0
2012,Romania,20058035.0
2013,Romania,19983693.0
2014,Romania,19908979.0
2015,Romania,19815616.0
2016,Romania,19702267.0
2017,Romania,19588715.0
2018,Romania,19473970.0
2019,Romania,19371648.0
2020,Romania,19265250.0
2021,Romania,19122059.0
2022,Romania,19048502.0
2023,Romania,19059479.0
1985,Serbia,7835902.0
1986,Serbia,7853824.0
1987,Serbia,7868027.0
1988,Serbia,7884218.0
1989,Serbia,7893787.0
1990,Serbia,7897937.0
1991,Serbia,7595636.0
1992,Serbia,7604063.0
1993,Serbia,7614328.0
1994,Serbia,7622711.0
1995,Serbia,7628264.0
1996,Serbia,7622185.0
1997,Serbia,7598538.0
1998,Serbia,7567745.0
1999,Serbia,7540401.0
2000,Serbia,7516346.0
2001,Serbia,7503433.0
2002,Serbia,7500031.0
2003,Serbia,7480591.0
2004,Serbia,7463157.0
2005,Serbia,7440769.0
2006,Serbia,7411569.0
2007,Serbia,7381579.0
2008,Serbia,7350222.0
2009,Serbia,7320807.0
2010,Serbia,7291436.0
2011,Serbia,7236519.0
2012,Serbia,7201497.0
2013,Serbia,7166553.0
2014,Serbia,7131787.0
2015,Serbia,7095383.0
2016,Serbia,7058322.0
2017,Serbia,7020858.0
2018,Serbia,6982604.0
2019,Serbia,6945235.0
2020,Serbia,6899126.0
2021,Serbia,6834326.0
2022,Serbia,6664449.0
2023,Serbia,6623183.0
1985,Bulgaria,8960547.0
1986,Bulgaria,8958171.0
1987,Bulgaria,8971359.0
1988,Bulgaria,8981446.0
1989,Bulgaria,8876972.0
1990,Bulgaria,8718289.0
1991,Bulgaria,8632367.0
1992,Bulgaria,8540164.0
1993,Bulgaria,8472313.0
1994,Bulgaria,8443591.0
1995,Bulgaria,8406067.0
1996,Bulgaria,8362826.0
1997,Bulgaria,8312068.0
1998,Bulgaria,8256786.0
1999,Bulgaria,8210624.0
2000,Bulgaria,8170172.0
2001,Bulgaria,8009142.0
2002,Bulgaria,7837161.0
2003,Bulgaria,7775327.0
2004,Bulgaria,7716860.0
2005,Bulgaria,7658972.0
2006,Bulgaria,7601022.0
2007,Bulgaria,7545338.0
2008,Bulgaria,7492561.0
2009,Bulgaria,7444443.0
2010,Bulgaria,7395599.0
2011,Bulgaria,7348328.0
2012,Bulgaria,7305888.0
2013,Bulgaria,7265115.0
2014,Bulgaria,7223938.0
2015,Bulgaria,7177991.0
2016,Bulgaria,7127822.0
2017,Bulgaria,7075947.0
2018,Bulgaria,7025037.0
2019,Bulgaria,6975761.0
2020,Bulgaria,6934015.0
2021,Bulgaria,6877743.0
2022,Bulgaria,6643324.0
2023,Bulgaria,6446596.0
1985,Ukraine,51108770.0
1986,Ukraine,51318745.0
1987,Ukraine,51515732.0
1988,Ukraine,51724853.0
1989,Ukraine,51917817.0
1990,Ukraine,52054092.0
1991,Ukraine,52170961.0
1992,Ukraine,52323671.0
1993,Ukraine,52350126.0
1994,Ukraine,52075998.0
1995,Ukraine,51665539.0
1996,Ukraine,51226109.0
1997,Ukraine,50786885.0
1998,Ukraine,50379731.0
1999,Ukraine,49976446.0
2000,Ukraine,49556660.0
2001,Ukraine,49106855.0
2002,Ukraine,48677281.0
2003,Ukraine,48315136.0
2004,Ukraine,47979507.0
2005,Ukraine,47585556.0
2006,Ukraine,47278694.0
2007,Ukraine,47062798.0
2008,Ukraine,46819175.0
2009,Ukraine,46623731.0
2010,Ukraine,46456003.0
2011,Ukraine,46307853.0
2012,Ukraine,46210056.0
2013,Ukraine,46126770.0
2014,Ukraine,45972380.0
2015,Ukraine,45784896.0
2016,Ukraine,45616832.0
2017,Ukraine,45436041.0
2018,Ukraine,45208907.0
2019,Ukraine,44957458.0
2020,Ukraine,44680014.0
2021,Ukraine,44298640.0
2022,Ukraine,41048766.0
2023,Ukraine,37732836.0
1985,Switzerland,6470365.0
1986,Switzerland,6504124.0
1987,Switzerland,6545106.0
1988,Switzerland,6593386.0
1989,Switzerland,6646912.0
1990,Switzerland,6715519.0
1991,Switzerland,6799978.0
1992,Switzerland,6875364.0
1993,Switzerland,6938265.0
1994,Switzerland,6993795.0
1995,Switzerland,7040687.0
1996,Switzerland,7071850.0
1997,Switzerland,7088906.0
1998,Switzerland,7110001.0
1999,Switzerland,7143991.0
2000,Switzerland,7184250.0
2001,Switzerland,7229854.0
2002,Switzerland,7284753.0
2003,Switzerland,7339001.0
2004,Switzerland,7389625.0
2005,Switzerland,7437115.0
2006,Switzerland,7483934.0
2007,Switzerland,7551117.0
2008,Switzerland,7647675.0
2009,Switzerland,7743831.0
2010,Switzerland,7824909.0
2011,Switzerland,7912398.0
2012,Switzerland,7996861.0
2013,Switzerland,8089346.0
2014,Switzerland,8188649.0
2015,Switzerland,8282396.0
2016,Switzerland,8373338.0
2017,Switzerland,8451840.0
2018,Switzerland,8514329.0
2019,Switzerland,8575280.0
2020,Switzerland,8638167.0
2021,Switzerland,8704546.0
2022,Switzerland,8777088.0
2023,Switzerland,8888093.0
1985,Norway,4152516.0
1986,Norway,4167354.0
1987,Norway,4186905.0
1988,Norway,4209488.0
1989,Norway,4226901.0
1990,Norway,4241473.0
1991,Norway,4261732.0
1992,Norway,4286401.0
1993,Norway,4311991.0
1994,Norway,4336613.0
1995,Norway,4359184.0
1996,Norway,4381336.0
1997,Norway,4405157.0
1998,Norway,4431464.0
1999,Norway,4461913.0
2000,Norway,4490967.0
2001,Norway,4513751.0
2002,Norway,4538159.0
2003,Norway,4564855.0
2004,Norway,4591910.0
2005,Norway,4623291.0
2006,Norway,4660677.0
2007,Norway,4709153.0
2008,Norway,4768212.0
2009,Norway,4828726.0
2010,Norway,4889252.0
2011,Norway,4953088.0
2012,Norway,5018573.0
2013,Norway,5079623.0
2014,Norway,5137232.0
2015,Norway,5188607.0
2016,Norway,5234519.0
2017,Norway,5276968.0
2018,Norway,5311916.0
2019,Norway,5347896.0
2020,Norway,5379475.0
2021,Norway,5408320.0
2022,Norway,5457127.0
2023,Norway,5519594.0
1985,Iceland,241405.0
1986,Iceland,243180.0
1987,Iceland,245859.0
1988,Iceland,249740.0
1989,Iceland,252852.0
1990,Iceland,254826.0
1991,Iceland,257797.0
1992,Iceland,261057.0
1993,Iceland,263725.0
1994,Iceland,266021.0
1995,Iceland,267468.0
1996,Iceland,268916.0
1997,Iceland,271128.0
1998,Iceland,274047.0
1999,Iceland,277381.0
2000,Iceland,281205.0
2001,Iceland,284968.0
2002,Iceland,287523.0
2003,Iceland,289521.0
2004,Iceland,292074.0
2005,Iceland,296734.0
2006,Iceland,303782.0
2007,Iceland,311566.0
2008,Iceland,317414.0
2009,Iceland,318499.0
2010,Iceland,318041.0
2011,Iceland,319014.0
2012,Iceland,320716.0
2013,Iceland,323764.0
2014,Iceland,327386.0
2015,Iceland,330815.0
2016,Iceland,335439.0
2017,Iceland,343400.0
2018,Iceland,352721.0
2019,Iceland,360563.0
2020,Iceland,366463.0
2021,Iceland,372520.0
2022,Iceland,382003.0
2023,Iceland,393349.0
1985,Denmark,5113691.0
1986,Denmark,5120534.0
1987,Denmark,5127024.0
1988,Denmark,5129516.0
1989,Denmark,5132594.0
1990,Denmark,5140939.0
1991,Denmark,5154298.0
1992,Denmark,5171370.0
1993,Denmark,5188628.0
1994,Denmark,5206180.0
1995,Denmark,5233373.0
1996,Denmark,5263074.0
1997,Denmark,5284991.0
1998,Denmark,5304219.0
1999,Denmark,5321799.0
2000,Denmark,5339616.0
2001,Denmark,5358783.0
2002,Denmark,5375931.0
2003,Denmark,5390574.0
2004,Denmark,5404523.0
2005,Denmark,5419432.0
2006,Denmark,5437272.0
2007,Denmark,5461438.0
2008,Denmark,5493621.0
2009,Denmark,5523095.0
2010,Denmark,5547683.0
2011,Denmark,5570572.0
2012,Denmark,5591572.0
2013,Denmark,5614932.0
2014,Denmark,5643475.0
2015,Denmark,5683483.0
2016,Denmark,5728010.0
2017,Denmark,5764980.0
2018,Denmark,5793636.0
2019,Denmark,5814422.0
2020,Denmark,5831404.0
2021,Denmark,5856733.0
2022,Denmark,5903037.0
2023,Denmark,5946952.0
1985,Sweden,8350386.0
1986,Sweden,8369829.0
1987,Sweden,8397804.0
1988,Sweden,8436489.0
1989,Sweden,8492964.0
1990,Sweden,8558835.0
1991,Sweden,8617375.0
1992,Sweden,8668067.0
1993,Sweden,8718561.0
1994,Sweden,8780745.0
1995,Sweden,8826939.0
1996,Sweden,8840998.0
1997,Sweden,8846062.0
1998,Sweden,8850974.0
1999,Sweden,8857874.0
2000,Sweden,8872109.0
2001,Sweden,8895960.0
2002,Sweden,8924958.0
2003,Sweden,8958229.0
2004,Sweden,8993531.0
2005,Sweden,9029572.0
2006,Sweden,9080505.0
2007,Sweden,9148092.0
2008,Sweden,9219637.0
2009,Sweden,9298515.0
2010,Sweden,9378126.0
2011,Sweden,9449213.0
2012,Sweden,9519374.0
2013,Sweden,9600379.0
2014,Sweden,9696110.0
2015,Sweden,9799186.0
2016,Sweden,9923085.0
2017,Sweden,10057698.0
2018,Sweden,10175214.0
2019,Sweden,10278887.0
2020,Sweden,10353442.0
2021,Sweden,10415811.0
2022,Sweden,10486941.0
2023,Sweden,10536632.0
1985,Oman,1325480.0
1986,Oman,1413419.0
1987,Oman,1500996.0
1988,Oman,1588568.0
1989,Oman,1676228.0
1990,Oman,1763954.0
1991,Oman,1851473.0
1992,Oman,1938238.0
1993,Oman,2021675.0
1994,Oman,2081834.0
1995,Oman,2120528.0
1996,Oman,2156926.0
1997,Oman,2190720.0
1998,Oman,2222489.0
1999,Oman,2252909.0
2000,Oman,2282131.0
2001,Oman,2310217.0
2002,Oman,2337140.0
2003,Oman,2363796.0
2004,Oman,2404821.0
2005,Oman,2459802.0
2006,Oman,2514795.0
2007,Oman,2570174.0
2008,Oman,2626529.0
2009,Oman,2684659.0
2010,Oman,2757446.0
2011,Oman,3076763.0
2012,Oman,3547106.0
2013,Oman,3833913.0
2014,Oman,4002439.0
2015,Oman,4184895.0
2016,Oman,4390877.0
2017,Oman,4537396.0
2018,Oman,4597877.0
2019,Oman,4591241.0
2020,Oman,4522497.0
2021,Oman,4500424.0
2022,Oman,4730226.0
2023,Oman,5049269.0
1985,Jordan,2778810.0
1986,Jordan,2909887.0
1987,Jordan,3047634.0
1988,Jordan,3193039.0
1989,Jordan,3349627.0
1990,Jordan,3621908.0
1991,Jordan,3915149.0
1992,Jordan,4127693.0
1993,Jordan,4348020.0
1994,Jordan,4561406.0
1995,Jordan,4752096.0
1996,Jordan,4912516.0
1997,Jordan,5046285.0
1998,Jordan,5164284.0
1999,Jordan,5276444.0
2000,Jordan,5386945.0
2001,Jordan,5498894.0
2002,Jordan,5616066.0
2003,Jordan,5741828.0
2004,Jordan,5882061.0
2005,Jordan,6029587.0
2006,Jordan,6427371.0
2007,Jordan,6827227.0
2008,Jordan,6989866.0
2009,Jordan,7141753.0
2010,Jordan,7297043.0
2011,Jordan,7480424.0
2012,Jordan,7587127.0
2013,Jordan,7991809.0
2014,Jordan,8791710.0
2015,Jordan,9544729.0
2016,Jordan,10006367.0
2017,Jordan,10234226.0
2018,Jordan,10462306.0
2019,Jordan,10671891.0
2020,Jordan,10865228.0
2021,Jordan,11066356.0
2022,Jordan,11256263.0
2023,Jordan,11439213.0
1985,Lebanon,3217376.0
1986,Lebanon,3300365.0
1987,Lebanon,3385555.0
1988,Lebanon,3454649.0
1989,Lebanon,3525285.0
1990,Lebanon,3595175.0
1991,Lebanon,3668912.0
1992,Lebanon,3747371.0
1993,Lebanon,3820647.0
1994,Lebanon,3889799.0
1995,Lebanon,3960735.0
1996,Lebanon,4034781.0
1997,Lebanon,4108405.0
1998,Lebanon,4181281.0
1999,Lebanon,4255277.0
2000,Lebanon,4329340.0
2001,Lebanon,4401918.0
2002,Lebanon,4463504.0
2003,Lebanon,4525508.0
2004,Lebanon,4599279.0
2005,Lebanon,4671102.0
2006,Lebanon,4751136.0
2007,Lebanon,4844118.0
2008,Lebanon,4925354.0
2009,Lebanon,4992287.0
2010,Lebanon,5041288.0
2011,Lebanon,5096020.0
2012,Lebanon,5235742.0
2013,Lebanon,5743436.0
2014,Lebanon,6346990.0
2015,Lebanon,6472469.0
2016,Lebanon,6323060.0
2017,Lebanon,6160128.0
2018,Lebanon,5984119.0
2019,Lebanon,5794594.0
2020,Lebanon,5702398.0
2021,Lebanon,5718122.0
2022,Lebanon,5744489.0
2023,Lebanon,5773493.0
1985,Iraq,15683430.0
1986,Iraq,16074145.0
1987,Iraq,16521049.0
1988,Iraq,16908819.0
1989,Iraq,17364542.0
1990,Iraq,17581206.0
1991,Iraq,17767253.0
1992,Iraq,18300845.0
1993,Iraq,19201195.0
1994,Iraq,20139807.0
1995,Iraq,20825860.0
1996,Iraq,21501321.0
1997,Iraq,22176593.0
1998,Iraq,22884399.0
1999,Iraq,23636527.0
2000,Iraq,24424056.0
2001,Iraq,25197840.0
2002,Iraq,26006559.0
2003,Iraq,26802659.0
2004,Iraq,27577878.0
2005,Iraq,28407448.0
2006,Iraq,28616515.0
2007,Iraq,28391607.0
2008,Iraq,28971036.0
2009,Iraq,30058206.0
2010,Iraq,31045366.0
2011,Iraq,32161424.0
2012,Iraq,33654842.0
2013,Iraq,35281989.0
2014,Iraq,36550059.0
2015,Iraq,37560535.0
2016,Iraq,38469627.0
2017,Iraq,39337353.0
2018,Iraq,40265624.0
2019,Iraq,41192171.0
2020,Iraq,42116605.0
2021,Iraq,43071211.0
2022,Iraq,44070551.0
2023,Iraq,45074049.0
1985,Yemen,11453825.0
1986,Yemen,11901040.0
1987,Yemen,12369912.0
1988,Yemen,12859708.0
1989,Yemen,13364174.0
1990,Yemen,13887862.0
1991,Yemen,14430201.0
1992,Yemen,14989494.0
1993,Yemen,15563914.0
1994,Yemen,16149147.0
1995,Yemen,16740058.0
1996,Yemen,17313177.0
1997,Yemen,17873936.0
1998,Yemen,18446013.0
1999,Yemen,19029420.0
2000,Yemen,19624141.0
2001,Yemen,20226147.0
2002,Yemen,20835086.0
2003,Yemen,21456379.0
2004,Yemen,22095167.0
2005,Yemen,22790085.0
2006,Yemen,23543083.0
2007,Yemen,24318082.0
2008,Yemen,25111941.0
2009,Yemen,25927724.0
2010,Yemen,26754387.0
2011,Yemen,27582897.0
2012,Yemen,28433647.0
2013,Yemen,29312952.0
2014,Yemen,30226309.0
2015,Yemen,31159379.0
2016,Yemen,32109010.0
2017,Yemen,33090921.0
2018,Yemen,34085182.0
2019,Yemen,35111408.0
2020,Yemen,36134863.0
2021,Yemen,37140230.0
2022,Yemen,38222876.0
2023,Yemen,39390799.0
1985,United Arab Emirates,1377911.0
1986,United Arab Emirates,1467383.0
1987,United Arab Emirates,1574244.0
1988,United Arab Emirates,1681788.0
1989,United Arab Emirates,1789851.0
1990,United Arab Emirates,1898220.0
1991,United Arab Emirates,2006626.0
1992,United Arab Emirates,2114730.0
1993,United Arab Emirates,2222093.0
1994,United Arab Emirates,2328188.0
1995,United Arab Emirates,2434662.0
1996,United Arab Emirates,2597564.0
1997,United Arab Emirates,2817410.0
1998,United Arab Emirates,3040421.0
1999,United Arab Emirates,3266009.0
2000,United Arab Emirates,3493575.0
2001,United Arab Emirates,3723590.0
2002,United Arab Emirates,3956826.0
2003,United Arab Emirates,4192457.0
2004,United Arab Emirates,4428967.0
2005,United Arab Emirates,4664790.0
2006,United Arab Emirates,5009100.0
2007,United Arab Emirates,5624635.0
2008,United Arab Emirates,6302664.0
2009,United Arab Emirates,6707058.0
2010,United Arab Emirates,6869838.0
2011,United Arab Emirates,7104538.0
2012,United Arab Emirates,7391448.0
2013,United Arab Emirates,7693031.0
2014,United Arab Emirates,8059440.0
2015,United Arab Emirates,8505237.0
2016,United Arab Emirates,8935095.0
2017,United Arab Emirates,9223225.0
2018,United Arab Emirates,9346701.0
2019,United Arab Emirates,9445785.0
2020,United Arab Emirates,9401038.0
2021,United Arab Emirates,9575152.0
2022,United Arab Emirates,10074977.0
2023,United Arab Emirates,10483751.0
1985,Israel,4233000.0
1986,Israel,4299000.0
1987,Israel,4369000.0
1988,Israel,4442000.0
1989,Israel,4518000.0
1990,Israel,4660000.0
1991,Israel,4949000.0
1992,Israel,5123000.0
1993,Israel,5261000.0
1994,Israel,5399000.0
1995,Israel,5545000.0
1996,Israel,5692000.0
1997,Israel,5836000.0
1998,Israel,5971000.0
1999,Israel,6125000.0
2000,Israel,6289000.0
2001,Israel,6439000.0
2002,Israel,6570000.0
2003,Israel,6689700.0
2004,Israel,6809000.0
2005,Israel,6930100.0
2006,Israel,7053700.0
2007,Israel,7180100.0
2008,Israel,7308800.0
2009,Israel,7485600.0
2010,Israel,7623600.0
2011,Israel,7765800.0
2012,Israel,7910500.0
2013,Israel,8059500.0
2014,Israel,8215700.0
2015,Israel,8380100.0
2016,Israel,8546000.0
2017,Israel,8713300.0
2018,Israel,8882800.0
2019,Israel,9054000.0
2020,Israel,9215100.0
2021,Israel,9371400.0
2022,Israel,9557500.0
2023,Israel,9756600.0
1985,Bahrain,430358.0
1986,Bahrain,446286.0
1987,Bahrain,462854.0
1988,Bahrain,479929.0
1989,Bahrain,497327.0
1990,Bahrain,514797.0
1991,Bahrain,503052.0
1992,Bahrain,516458.0
1993,Bahrain,530225.0
1994,Bahrain,544366.0
1995,Bahrain,558879.0
1996,Bahrain,573792.0
1997,Bahrain,589115.0
1998,Bahrain,604842.0
1999,Bahrain,620989.0
2000,Bahrain,637582.0
2001,Bahrain,661316.0
2002,Bahrain,710553.0
2003,Bahrain,764517.0
2004,Bahrain,823741.0
2005,Bahrain,888822.0
2006,Bahrain,960424.0
2007,Bahrain,1039295.0
2008,Bahrain,1103496.0
2009,Bahrain,1178415.0
2010,Bahrain,1228543.0
2011,Bahrain,1195020.0
2012,Bahrain,1208964.0
2013,Bahrain,1253191.0
2014,Bahrain,1314562.0
2015,Bahrain,1370322.0
2016,Bahrain,1423726.0
2017,Bahrain,1501116.0
2018,Bahrain,1503091.0
2019,Bahrain,1483756.0
2020,Bahrain,1472204.0
2021,Bahrain,1504365.0
2022,Bahrain,1524693.0
2023,Bahrain,1577059.0
1985,Qatar,365940.0
1986,Qatar,382422.0
1987,Qatar,397005.0
1988,Qatar,411264.0
1989,Qatar,425646.0
1990,Qatar,440175.0
1991,Qatar,454853.0
1992,Qatar,469657.0
1993,Qatar,484545.0
1994,Qatar,499459.0
1995,Qatar,514325.0
1996,Qatar,529019.0
1997,Qatar,550500.0
1998,Qatar,580540.0
1999,Qatar,612500.0
2000,Qatar,644989.0
2001,Qatar,677925.0
2002,Qatar,711205.0
2003,Qatar,744682.0
2004,Qatar,773332.0
2005,Qatar,825408.0
2006,Qatar,972831.0
2007,Qatar,1208595.0
2008,Qatar,1426938.0
2009,Qatar,1608903.0
2010,Qatar,1616832.0
2011,Qatar,1624761.0
2012,Qatar,1722438.0
2013,Qatar,1916426.0
2014,Qatar,2151745.0
2015,Qatar,2344557.0
2016,Qatar,2477113.0
2017,Qatar,2545820.0
2018,Qatar,2580734.0
2019,Qatar,2638657.0
2020,Qatar,2794148.0
2021,Qatar,2504910.0
2022,Qatar,2657333.0
2023,Qatar,2656032.0
1985,Saudi Arabia,8151779.0
1986,Saudi Arabia,8628639.0
1987,Saudi Arabia,9130194.0
1988,Saudi Arabia,9629165.0
1989,Saudi Arabia,10128394.0
1990,Saudi Arabia,10640691.0
1991,Saudi Arabia,11160744.0
1992,Saudi Arabia,11686676.0
1993,Saudi Arabia,12215862.0
1994,Saudi Arabia,12750040.0
1995,Saudi Arabia,13289245.0
1996,Saudi Arabia,13831009.0
1997,Saudi Arabia,14374943.0
1998,Saudi Arabia,14922185.0
1999,Saudi Arabia,15472075.0
2000,Saudi Arabia,16177722.0
2001,Saudi Arabia,17041397.0
2002,Saudi Arabia,17910910.0
2003,Saudi Arabia,18786767.0
2004,Saudi Arabia,19669480.0
2005,Saudi Arabia,20559890.0
2006,Saudi Arabia,21459144.0
2007,Saudi Arabia,22368313.0
2008,Saudi Arabia,23287877.0
2009,Saudi Arabia,24217654.0
2010,Saudi Arabia,23978487.0
2011,Saudi Arabia,25091867.0
2012,Saudi Arabia,26168861.0
2013,Saudi Arabia,27624004.0
2014,Saudi Arabia,28309273.0
2015,Saudi Arabia,29816382.0
2016,Saudi Arabia,30954198.0
2017,Saudi Arabia,30977355.0
2018,Saudi Arabia,30196281.0
2019,Saudi Arabia,30063799.0
2020,Saudi Arabia,31552510.0
2021,Saudi Arabia,30784383.0
2022,Saudi Arabia,32175224.0
2023,Saudi Arabia,33264292.0
1985,Australia,15788312.0
1986,Australia,16018350.0
1987,Australia,16263874.0
1988,Australia,16532164.0
1989,Australia,16814416.0
1990,Australia,17065128.0
1991,Australia,17284036.0
1992,Australia,17478635.0
1993,Australia,17634808.0
1994,Australia,17805468.0
1995,Australia,18004882.0
1996,Australia,18224767.0
1997,Australia,18423037.0
1998,Australia,18607584.0
1999,Australia,18812264.0
2000,Australia,19028802.0
2001,Australia,19274701.0
2002,Australia,19495210.0
2003,Australia,19720737.0
2004,Australia,19932722.0
2005,Australia,20176844.0
2006,Australia,20450966.0
2007,Australia,20827622.0
2008,Australia,21249199.0
2009,Australia,21691653.0
2010,Australia,22031750.0
2011,Australia,22340024.0
2012,Australia,22733465.0
2013,Australia,23128129.0
2014,Australia,23475686.0
2015,Australia,23815995.0
2016,Australia,24190907.0
2017,Australia,24592588.0
2018,Australia,24963258.0
2019,Australia,25334826.0
2020,Australia,25649248.0
2021,Australia,25685412.0
2022,Australia,26014399.0
2023,Australia,26658948.0
1985,New Zealand,3247100.0
1986,New Zealand,3246300.0
1987,New Zealand,3274400.0
1988,New Zealand,3283400.0
1989,New Zealand,3299200.0
1990,New Zealand,3329800.0
1991,New Zealand,3495100.0
1992,New Zealand,3531700.0
1993,New Zealand,3572200.0
1994,New Zealand,3620000.0
1995,New Zealand,3673400.0
1996,New Zealand,3732000.0
1997,New Zealand,3781300.0
1998,New Zealand,3815000.0
1999,New Zealand,3835100.0
2000,New Zealand,3857700.0
2001,New Zealand,3880500.0
2002,New Zealand,3948500.0
2003,New Zealand,4027200.0
2004,New Zealand,4087500.0
2005,New Zealand,4133900.0
2006,New Zealand,4184600.0
2007,New Zealand,4223800.0
2008,New Zealand,4259800.0
2009,New Zealand,4302600.0
2010,New Zealand,4350700.0
2011,New Zealand,4384000.0
2012,New Zealand,4408100.0
2013,New Zealand,4442100.0
2014,New Zealand,4516500.0
2015,New Zealand,4609400.0
2016,New Zealand,4714100.0
2017,New Zealand,4813600.0
2018,New Zealand,4900600.0
2019,New Zealand,4979200.0
2020,New Zealand,5090200.0
2021,New Zealand,5111300.0
2022,New Zealand,5117200.0
2023,New Zealand,5223100.0
1985,Palau,13688.0
1986,Palau,14024.0
1987,Palau,14334.0
1988,Palau,14645.0
1989,Palau,14945.0
1990,Palau,15259.0
1991,Palau,15614.0
1992,Palau,15989.0
1993,Palau,16372.0
1994,Palau,16770.0
1995,Palau,17195.0
1996,Palau,17654.0
1997,Palau,18108.0
1998,Palau,18524.0
1999,Palau,18901.0
2000,Palau,19178.0
2001,Palau,19352.0
2002,Palau,19503.0
2003,Palau,19659.0
2004,Palau,19820.0
2005,Palau,19819.0
2006,Palau,19593.0
2007,Palau,19302.0
2008,Palau,19009.0
2009,Palau,18709.0
2010,Palau,18396.0
2011,Palau,18078.0
2012,Palau,17765.0
2013,Palau,17648.0
2014,Palau,17715.0
2015,Palau,17770.0
2016,Palau,17797.0
2017,Palau,17812.0
2018,Palau,17814.0
2019,Palau,17798.0
2020,Palau,17792.0
2021,Palau,17783.0
2022,Palau,17759.0
2023,Palau,17727.0
1985,Kiribati,66496.0
1986,Kiribati,68059.0
1987,Kiribati,69733.0
1988,Kiribati,71427.0
1989,Kiribati,73147.0
1990,Kiribati,74855.0
1991,Kiribati,76367.0
1992,Kiribati,77641.0
1993,Kiribati,78841.0
1994,Kiribati,80021.0
1995,Kiribati,81234.0
1996,Kiribati,82623.0
1997,Kiribati,84147.0
1998,Kiribati,85657.0
1999,Kiribati,87126.0
2000,Kiribati,88613.0
2001,Kiribati,90335.0
2002,Kiribati,92264.0
2003,Kiribati,94175.0
2004,Kiribati,96085.0
2005,Kiribati,98035.0
2006,Kiribati,100017.0
2007,Kiribati,102068.0
2008,Kiribati,104222.0
2009,Kiribati,106467.0
2010,Kiribati,108704.0
2011,Kiribati,110647.0
2012,Kiribati,112284.0
2013,Kiribati,113838.0
2014,Kiribati,115326.0
2015,Kiribati,116815.0
2016,Kiribati,118478.0
2017,Kiribati,120275.0
2018,Kiribati,122084.0
2019,Kiribati,123921.0
2020,Kiribati,126099.0
2021,Kiribati,128377.0
2022,Kiribati,130469.0
2023,Kiribati,132530.0
1985,Marshall Islands,37761.0
1986,Marshall Islands,39286.0
1987,Marshall Islands,40828.0
1988,Marshall Islands,42321.0
1989,Marshall Islands,43586.0
1990,Marshall Islands,44629.0
1991,Marshall Islands,45568.0
1992,Marshall Islands,46388.0
1993,Marshall Islands,47093.0
1994,Marshall Islands,47712.0
1995,Marshall Islands,48266.0
1996,Marshall Islands,48775.0
1997,Marshall Islands,49259.0
1998,Marshall Islands,49717.0
1999,Marshall Islands,50202.0
2000,Marshall Islands,50706.0
2001,Marshall Islands,51123.0
2002,Marshall Islands,51425.0
2003,Marshall Islands,51639.0
2004,Marshall Islands,51791.0
2005,Marshall Islands,51906.0
2006,Marshall Islands,51992.0
2007,Marshall Islands,52035.0
2008,Marshall Islands,52030.0
2009,Marshall Islands,52019.0
2010,Marshall Islands,52044.0
2011,Marshall Islands,51907.0
2012,Marshall Islands,51419.0
2013,Marshall Islands,50681.0
2014,Marshall Islands,49796.0
2015,Marshall Islands,48800.0
2016,Marshall Islands,47709.0
2017,Marshall Islands,46529.0
2018,Marshall Islands,45285.0
2019,Marshall Islands,44007.0
2020,Marshall Islands,42706.0
2021,Marshall Islands,41367.0
2022,Marshall Islands,40077.0
2023,Marshall Islands,38827.0
1985,"Micronesia, Federated States of",89707.0
1986,"Micronesia, Federated States of",92266.0
1987,"Micronesia, Federated States of",94844.0
1988,"Micronesia, Federated States of",97097.0
1989,"Micronesia, Federated States of",99003.0
1990,"Micronesia, Federated States of",100888.0
1991,"Micronesia, Federated States of",102754.0
1992,"Micronesia, Federated States of",104806.0
1993,"Micronesia, Federated States of",107066.0
1994,"Micronesia, Federated States of",109075.0
1995,"Micronesia, Federated States of",110230.0
1996,"Micronesia, Federated States of",110710.0
1997,"Micronesia, Federated States of",111071.0
1998,"Micronesia, Federated States of",111377.0
1999,"Micronesia, Federated States of",111680.0
2000,"Micronesia, Federated States of",112044.0
2001,"Micronesia, Federated States of",112365.0
2002,"Micronesia, Federated States of",112448.0
2003,"Micronesia, Federated States of",112285.0
2004,"Micronesia, Federated States of",111925.0
2005,"Micronesia, Federated States of",111412.0
2006,"Micronesia, Federated States of",110729.0
2007,"Micronesia, Federated States of",109880.0
2008,"Micronesia, Federated States of",108936.0
2009,"Micronesia, Federated States of",107957.0
2010,"Micronesia, Federated States of",107540.0
2011,"Micronesia, Federated States of",107698.0
2012,"Micronesia, Federated States of",107890.0
2013,"Micronesia, Federated States of",108121.0
2014,"Micronesia, Federated States of",108396.0
2015,"Micronesia, Federated States of",108716.0
2016,"Micronesia, Federated States of",109075.0
2017,"Micronesia, Federated States of",109481.0
2018,"Micronesia, Federated States of",109909.0
2019,"Micronesia, Federated States of",110282.0
2020,"Micronesia, Federated States of",110916.0
2021,"Micronesia, Federated States of",111624.0
2022,"Micronesia, Federated States of",112114.0
2023,"Micronesia, Federated States of",112630.0
1985,Nauru,8551.0
1986,Nauru,8742.0
1987,Nauru,8946.0
1988,Nauru,9165.0
1989,Nauru,9390.0
1990,Nauru,9622.0
1991,Nauru,9850.0
1992,Nauru,10021.0
1993,Nauru,10102.0
1994,Nauru,10137.0
1995,Nauru,10165.0
1996,Nauru,10183.0
1997,Nauru,10197.0
1998,Nauru,10198.0
1999,Nauru,10187.0
2000,Nauru,10168.0
2001,Nauru,10130.0
2002,Nauru,10082.0
2003,Nauru,10059.0
2004,Nauru,10060.0
2005,Nauru,10049.0
2006,Nauru,10034.0
2007,Nauru,10020.0
2008,Nauru,10009.0
2009,Nauru,10016.0
2010,Nauru,10043.0
2011,Nauru,10098.0
2012,Nauru,10267.0
2013,Nauru,10517.0
2014,Nauru,10742.0
2015,Nauru,10954.0
2016,Nauru,11150.0
2017,Nauru,11324.0
2018,Nauru,11477.0
2019,Nauru,11587.0
2020,Nauru,11643.0
2021,Nauru,11709.0
2022,Nauru,11801.0
2023,Nauru,11875.0
1985,Samoa,166849.0
1986,Samoa,167061.0
1987,Samoa,167661.0
1988,Samoa,168346.0
1989,Samoa,168768.0
1990,Samoa,169042.0
1991,Samoa,169368.0
1992,Samoa,170331.0
1993,Samoa,171774.0
1994,Samoa,173159.0
1995,Samoa,174571.0
1996,Samoa,176071.0
1997,Samoa,177547.0
1998,Samoa,178905.0
1999,Samoa,180275.0
2000,Samoa,181685.0
2001,Samoa,183166.0
2002,Samoa,184471.0
2003,Samoa,185430.0
2004,Samoa,186249.0
2005,Samoa,186978.0
2006,Samoa,187709.0
2007,Samoa,188753.0
2008,Samoa,190107.0
2009,Samoa,191513.0
2010,Samoa,193023.0
2011,Samoa,194713.0
2012,Samoa,196498.0
2013,Samoa,198268.0
2014,Samoa,200037.0
2015,Samoa,201782.0
2016,Samoa,203499.0
2017,Samoa,205415.0
2018,Samoa,207582.0
2019,Samoa,209780.0
2020,Samoa,211944.0
2021,Samoa,213779.0
2022,Samoa,215261.0
2023,Samoa,216663.0
1985,Solomon Islands,282455.0
1986,Solomon Islands,291842.0
1987,Solomon Islands,301414.0
1988,Solomon Islands,311265.0
1989,Solomon Islands,321282.0
1990,Solomon Islands,331435.0
1991,Solomon Islands,341738.0
1992,Solomon Islands,352205.0
1993,Solomon Islands,362839.0
1994,Solomon Islands,373675.0
1995,Solomon Islands,384733.0
1996,Solomon Islands,396009.0
1997,Solomon Islands,407474.0
1998,Solomon Islands,419071.0
1999,Solomon Islands,430500.0
2000,Solomon Islands,440469.0
2001,Solomon Islands,449125.0
2002,Solomon Islands,457671.0
2003,Solomon Islands,466154.0
2004,Solomon Islands,474611.0
2005,Solomon Islands,483080.0
2006,Solomon Islands,491594.0
2007,Solomon Islands,500156.0
2008,Solomon Islands,508790.0
2009,Solomon Islands,518141.0
2010,Solomon Islands,532968.0
2011,Solomon Islands,552945.0
2012,Solomon Islands,573606.0
2013,Solomon Islands,594945.0
2014,Solomon Islands,616908.0
2015,Solomon Islands,639415.0
2016,Solomon Islands,662379.0
2017,Solomon Islands,685672.0
2018,Solomon Islands,709101.0
2019,Solomon Islands,728147.0
2020,Solomon Islands,744498.0
2021,Solomon Islands,762591.0
2022,Solomon Islands,781066.0
2023,Solomon Islands,800005.0
1985,Tonga,97984.0
1986,Tonga,98010.0
1987,Tonga,98376.0
1988,Tonga,98969.0
1989,Tonga,99403.0
1990,Tonga,99700.0
1991,Tonga,99895.0
1992,Tonga,100022.0
1993,Tonga,100103.0
1994,Tonga,100166.0
1995,Tonga,100225.0
1996,Tonga,100275.0
1997,Tonga,100674.0
1998,Tonga,101388.0
1999,Tonga,102046.0
2000,Tonga,102677.0
2001,Tonga,103288.0
2002,Tonga,103874.0
2003,Tonga,104464.0
2004,Tonga,105071.0
2005,Tonga,105671.0
2006,Tonga,106253.0
2007,Tonga,106726.0
2008,Tonga,107020.0
2009,Tonga,107203.0
2010,Tonga,107400.0
2011,Tonga,107570.0
2012,Tonga,107460.0
2013,Tonga,107078.0
2014,Tonga,106609.0
2015,Tonga,106095.0
2016,Tonga,105524.0
2017,Tonga,105356.0
2018,Tonga,105567.0
2019,Tonga,105669.0
2020,Tonga,105704.0
2021,Tonga,105490.0
2022,Tonga,105042.0
2023,Tonga,104597.0
1985,population_total,3265750789.0
1986,population_total,3327209802.0
1987,population_total,3390978825.0
1988,population_total,3455750026.0
1989,population_total,3520446184.0
1990,population_total,3585572807.0
1991,population_total,3650276229.0
1992,population_total,3713564781.0
1993,population_total,3776524159.0
1994,population_total,3837282340.0
1995,population_total,3897249543.0
1996,population_total,3959496736.0
1997,population_total,4021940089.0
1998,population_total,4083576546.0
1999,population_total,4144165999.0
2000,population_total,4204228081.0
2001,population_total,4263334187.0
2002,population_total,4320843266.0
2003,population_total,4377418860.0
2004,population_total,4434157089.0
2005,population_total,4490485798.0
2006,population_total,4546248133.0
2007,population_total,4602007446.0
2008,population_total,4658186174.0
2009,population_total,4714753619.0
2010,population_total,4769911876.0
2011,population_total,4826952327.0
2012,population_total,4886512865.0
2013,population_total,4946519809.0
2014,population_total,5004624762.0
2015,population_total,5061338139.0
2016,population_total,5116714376.0
2017,population_total,5170821611.0
2018,population_total,5221708679.0
2019,population_total,5270819221.0
2020,population_total,5320054863.0
2021,population_total,5358097490.0
2022,population_total,5396004125.0
2023,population_total,5435535297.0
