year,Uganda,Nigeria,Rwanda,Senegal,Ethiopia,Algeria,"Egypt, Arab Rep.",South Africa,Morocco,Ghana,Brazil,Colombia,Paraguay,Guatemala,Haiti,Canada,United States,Chile,Argentina,Panama,Philippines,Bangladesh,India,Nepal,Pakistan,China,Singapore,Japan,Malaysia,Thailand,Hungary,Romania,Serbia,Bulgaria,Ukraine,Switzerland,Norway,Iceland,Denmark,Sweden,Oman,Jordan,Lebanon,Iraq,"Yemen, Rep.",United Arab Emirates,Israel,Bahrain,Qatar,Saudi Arabia,Australia,New Zealand,Palau,Kiribati,Marshall Islands,"Micronesia, Fed. Sts.",Nauru,Samoa,Solomon Islands,Tonga
1960,5.74455771307937,0.191795489572428,-4.2975260472235,2.99344825626973,4.32609133566719,-13.6054413245993,5.16111414342448,3.84473414174089,10.0288413593661,3.42967401462874,8.60000000000014,5.08921698439107,6.90028551422945,4.29851834874688,-2.93198029126782,3.16329168371286,2.29999999999953,5.24527188446069,5.42784287621933,10.9265948267107,5.69547095029755,6.05816082547616,3.72274253311053,1.90826597185792,5.98734641929141,-27.2700000038885,8.13752950817668,12.0435364080117,7.59799400028281,5.36214630168787,4.70000000000019,-12.9182107298211,6.16496191380251,4.9001618599853,2.56646326960379,8.10867221090605,6.27333551040741,-0.0741839762608976,6.37883247557384,5.68129278872205,1.13960640396104,8.29840885389549,-42.4511182157698,7.32576806556308,6.29349385992927,36.612377853309,11.2038906187628,1.60714285546935,10.0078516626193,11.876851078322,2.48233047098947,3.31564965480389,0.126339611580221,-2.29006002273755,2.30991167674838,2.30157453484256,2.89838710299509,13.5135136424393,-1.79701939002049,4.74126542034365
1961,5.74455771307937,0.191795489572428,-4.2975260472235,2.99344825626973,4.32609133566719,-13.6054413245993,5.16111414342448,3.84473414174089,10.0288413593661,3.42967401462874,8.60000000000014,5.08921698439107,6.90028551422945,4.29851834874688,-2.93198029126782,3.16329168371286,2.29999999999953,5.24527188446069,5.42784287621933,10.9265948267107,5.69547095029755,6.05816082547616,3.72274253311053,1.90826597185792,5.98734641929141,-27.2700000038885,8.13752950817668,12.0435364080117,7.59799400028281,5.36214630168787,4.70000000000019,-12.9182107298211,6.16496191380251,4.9001618599853,2.56646326960379,8.10867221090605,6.27333551040741,-0.0741839762608976,6.37883247557384,5.68129278872205,1.13960640396104,8.29840885389549,-42.4511182157698,7.32576806556308,6.29349385992927,36.612377853309,11.2038906187628,1.60714285546935,10.0078516626193,11.876851078322,2.48233047098947,3.31564965480389,0.126339611580221,-2.29006002273755,2.30991167674838,2.30157453484256,2.89838710299509,13.5135136424393,-1.79701939002049,4.74126542034365
1962,5.74455771307937,4.10299258867985,11.3337983684303,-0.136235360562637,4.32609133566719,-19.6850418256566,3.87561672369634,6.17793085042746,10.0288413593661,4.10915860625774,6.59999999999992,5.41188961342047,3.30025851602093,3.53650126284866,7.88757589385567,7.42783693388429,6.10000000000016,4.02668562348332,-0.852021521903339,8.24473681154529,4.84629418915898,5.45303096987814,2.93112773548363,1.91032003077318,4.48285862750326,-5.57999999019671,7.55344418052258,8.90897299558067,6.42102960904312,7.55425444784086,6.0999999999998,-12.9182107298211,6.16496191380251,4.9001618599853,2.56646326960379,4.78994131635308,2.81394513844533,8.3147735708981,5.66682217271794,4.25904720176311,20.1877918765272,8.29840885389549,-42.4511182157698,4.60334575305544,6.29349385992927,36.612377853309,10.1561172182462,1.60714285546935,10.0078516626193,11.9226595664133,1.29422099669962,3.08087345285604,0.126339611580221,-2.29006002273755,2.30991167674838,2.30157453484256,2.89838710299509,13.5135136424393,-1.79701939002049,4.74126542034365
1963,5.74455771307937,8.57861891529707,-9.82044441324079,1.86447856929158,4.51863392606089,34.3137287803281,10.5180926173666,7.37370924877223,10.0288413593661,4.40597419943647,0.600000000000065,3.28670755407101,4.71029133985073,9.54104393054875,-1.89279255057041,5.29744024171539,4.39999999999989,5.8401401399083,-5.30819682539126,8.53878880093744,7.01626518416583,-0.455894289969805,5.99435326188559,1.8951116447969,8.68883151825786,10.2999999963989,10.0401733131415,8.47364238279388,7.33880352682334,7.99983078698784,5.69999999999997,-12.9182107298211,6.16496191380251,4.9001618599853,2.56646326960379,4.87919908861329,3.78504308366048,10.2810143934204,0.637021234202351,5.32793379963599,4.5312435589145,8.29840885389549,-42.4511182157698,2.44770235047196,6.29349385992927,36.612377853309,10.6957231497208,1.60714285546935,10.0078516626193,8.69610923594509,6.21617959257419,6.10211735868668,0.126339611580221,-2.29006002273755,2.30991167674838,2.30157453484256,2.89838710299509,13.5135136424393,-1.79701939002049,4.74126542034365
1964,5.74455771307937,4.95048866604155,-12.4649926826469,3.88392710164631,4.09048561145366,5.83941300772857,11.5075774740325,7.93960864480677,10.0288413593661,2.20932750184639,3.39999999999985,6.16694132350723,4.21247735945683,4.63299243190491,-1.64735736887533,6.65599974032362,5.80000000000027,2.55722053849037,10.1302976615431,4.43213037380107,3.40249443571273,10.9527885460584,7.45295012250209,7.53244855243838,7.56975744902432,18.1799999938203,-3.10316815597076,11.6767081963981,5.35896290971056,6.83099614370542,4.70000000000019,-12.9182107298211,6.16496191380251,4.9001618599853,2.56646326960379,5.2563507861986,5.00965098662387,9.88191423244247,9.26993821451801,6.82116447915911,0.074739447130284,8.29840885389549,-42.4511182157698,14.8265142723807,6.29349385992927,36.612377853309,7.93718642275134,1.60714285546935,10.0078516626193,8.776784363461,6.98016602027624,6.10328462223231,0.126339611580221,-2.29006002273755,2.30991167674838,2.30157453484256,2.89838710299509,13.5135136424393,-1.79701939002049,4.74126542034365
1965,5.74455771307937,4.88497683412901,7.00952925499003,1.33218949146287,5.77193201592007,6.20689821107077,4.91404229223662,6.12279809601442,10.0288413593661,1.36899886970954,2.40000000000001,3.60001138983772,6.16797475642743,4.36176931452728,2.16179786144892,6.31720020530724,6.39999999999989,0.950272505285383,10.5694333376394,9.16003626128517,5.34508932932236,1.60625822892978,-2.63577011020728,-1.2031890181289,10.4193658220408,16.9500000038703,7.83426046474929,5.81970787298272,7.68486347467319,8.18166153767717,42.4104142671797,-12.9182107298211,6.16496191380251,4.9001618599853,2.56646326960379,2.10455491544919,5.2856088005522,7.29638009049762,4.55525481407106,3.82150760835968,100447998.405676,8.29840885389549,-42.4511182157698,10.763880165144,6.29349385992927,36.612377853309,8.99794750184645,1.60714285546935,10.0078516626193,12.136763975251,5.98014040053107,6.1117318637838,0.126339611580221,-2.29006002273755,2.30991167674838,2.30157453484256,2.89838710299509,13.5135136424393,-1.79701939002049,4.74126542034365
1966,5.74455771307937,-4.25051418415495,7.00891082281643,2.8767609752687,7.25659803697323,-4.80497094328264,5.04640371248233,4.43838608946889,10.0288413593661,-4.25829036972007,6.7000000000001,5.23673586229452,1.99150333527275,5.51210399019357,-0.575786801046178,6.75968985492175,6.50000000000026,11.236242456379,-0.659726170629824,7.58140189094725,4.4411585340256,2.56681200128088,-0.0553287704537979,7.04064314491161,5.78995180142022,10.6499999984172,10.180095306912,10.6385615591626,7.81671102618819,11.1225184946389,7.40000000000069,-12.9182107298211,6.16496191380251,4.9001618599853,2.56646326960379,2.46145745672364,3.78651325489743,8.75065893516091,2.74091010903234,2.09084429482202,5.20446366819129,8.29840885389549,-42.4511182157698,4.96287661149815,6.29349385992927,36.612377853309,-0.0796470240328091,1.60714285546935,10.0078516626193,8.18114543360571,2.37900553867696,6.24846226221013,0.126339611580221,-2.29006002273755,2.30991167674838,2.30157453484256,2.89838710299509,13.5135136424393,-1.79701939002049,4.74126542034365
1967,5.74455771307937,-15.7436282082051,6.91601750997981,-1.21979286528493,4.06158788001318,9.45296256280155,0.805264127039209,7.19652306514106,10.0288413593661,3.07536405007809,4.2,4.13486416579858,9.15036720414034,4.11217561696343,-2.11768620106355,3.06542082002188,2.49999999999999,3.61599985405201,3.19199662339177,8.5529311726505,5.22268758922664,-1.8758639196746,7.82596303082235,-1.57149749972123,5.4006125972184,-5.77000000405199,12.508612746034,11.0821423246927,3.85714649161983,8.61598233328198,7.49999999999966,-12.9182107298211,6.16496191380251,4.9001618599853,2.56646326960379,3.05592216743898,6.25607900635555,-1.26030053320414,5.88623123708423,3.36538858355962,66.2190836702255,8.29840885389549,-42.4511182157698,-8.85681547611026,6.29349385992927,36.612377853309,2.9950264634292,1.60714285546935,10.0078516626193,8.90938333110026,6.30487825728025,-4.58942404013779,0.126339611580221,-2.29006002273755,2.30991167674838,2.30157453484256,2.89838710299509,13.5135136424393,-1.79701939002049,4.74126542034365
1968,5.74455771307937,-1.24836024581202,7.01378092757932,6.2907735312989,4.14218784379459,10.7962385711022,-1.60679234956356,4.15337298293346,9.89173930674043,0.368860328659636,9.79999999999998,5.93311799878289,4.52707384188076,8.76603505425516,3.18161732148926,5.00827408049702,4.79999999999954,3.59201332954133,4.82250077932424,6.9773886296279,5.03815939692956,9.48945401549118,3.38792917634143,0.675483463270709,7.23322092498739,-4.09999998647747,13.5269942226387,12.8824681383236,7.97799464201174,8.12227025554289,4.89999999999957,-12.9182107298211,6.16496191380251,4.9001618599853,2.56646326960379,3.58802600373987,2.25987552819262,-5.49828178694166,5.85299730027499,3.6385056729346,81.8877967363546,8.29840885389549,-42.4511182157698,19.5121002571341,6.29349385992927,36.612377853309,16.2419518797074,1.60714285546935,10.0078516626193,7.66012652552848,5.093706274426,-0.0488485286227274,0.126339611580221,-2.29006002273755,2.30991167674838,2.30157453484256,2.89838710299509,13.5135136424393,-1.79701939002049,4.74126542034365
1969,5.74455771307937,24.1973839456806,11.0073701491935,-6.55414292250094,1.38865740774854,8.4332802824936,5.27951751357089,4.71590286722241,8.36216535672018,6.00617496624768,9.49999999999993,6.10251730873333,4.70115140770775,4.73690901583991,3.81194328486592,5.06703244864089,3.09999999999999,3.93798328096847,9.67952601078326,8.4413891734721,4.68947344100819,1.22085790908322,6.53970029928357,4.46342160331348,5.5078996342957,16.9399999960612,13.8338251160131,12.4778945144972,4.88853365256124,6.55065988587748,6.90000000000022,-12.9182107298211,6.16496191380251,4.9001618599853,2.56646326960379,5.6329121225459,4.50461145559143,2.38961038961045,6.7991204970002,5.00907517517541,25.6661688006167,8.29840885389549,-42.4511182157698,3.24418646059578,6.29349385992927,36.612377853309,13.5657021560075,1.60714285546935,10.0078516626193,6.03788654154387,7.0452741832873,10.194671898837,0.126339611580221,-2.29006002273755,2.30991167674838,2.30157453484256,2.89838710299509,13.5135136424393,-1.79701939002049,4.74126542034365
1970,5.74455771307937,25.0072419293896,6.00142524647711,8.56204551455826,3.48272874063258,8.86265711007658,5.59851503851672,5.24866143118292,4.71346037515517,9.72347258708628,10.4,6.20779696127698,5.55342573311894,5.70788359811974,0.651153708034172,2.91871324193951,0.21660649819502,1.82896697019414,3.04564331917115,6.95922610008064,3.69248748654796,5.61985229282153,5.15722973718955,2.57599212685933,11.3534617181927,19.2999999967024,13.9420030031916,0.399050644662793,5.98653863031986,11.4079490662098,4.70000000000037,-12.9182107298211,6.16496191380251,4.9001618599853,2.56646326960379,6.37740651942093,1.94330050548339,7.45814307458141,1.85600177862,6.4736739633765,13.8950964378378,8.29840885389549,-42.4511182157698,4.54435706401779,6.29349385992927,36.612377853309,7.30733553016547,1.60714285546935,10.0078516626193,52.5920942005017,7.17569474653776,-1.3976075997231,0.126339611580221,-2.29006002273755,2.30991167674838,2.30157453484256,2.89838710299509,13.5135136424393,-1.79701939002049,4.74126542034365
1971,5.74455771307937,14.237531556251,1.20664070130975,-0.140449439855544,6.5264761637235,-11.3317191682878,4.05734632653112,4.27893440296982,5.5968936595313,5.2161245570606,11.3429219931908,5.9607279462907,5.538151942856,5.58375454736793,6.48038050132288,4.01884493451227,3.29272245508689,9.4226862110563,5.65813108184925,9.61613758182463,5.38900841621259,-5.47948302722807,1.64293037527582,-1.19538330251048,0.468372548493363,7.0599999985365,12.4134371586342,4.6989920423419,10.0346605803438,4.89537376024299,6.19999999999972,-12.9182107298211,6.16496191380251,4.9001618599853,2.56646326960379,4.07544243672315,5.67361118590561,13.0608376486118,3.1778216426269,0.944646233044594,0.898225100183055,8.29840885389549,-42.4511182157698,5.37455253303425,6.29349385992927,36.612377853309,10.9510709059369,1.60714285546935,10.0078516626193,15.229149289204,4.0005792969926,3.78545761922982,0.126339611580221,-2.29006002273755,2.30991167674838,2.30157453484256,2.89838710299509,13.5135136424393,-1.79701939002049,4.74126542034365
1972,5.74455771307937,3.36426203503635,0.263068266748533,6.38320891557467,4.22715958999223,27.423969480425,3.05568062514286,1.65482970884699,2.43723734665467,-2.48765540214929,11.9403481162508,7.66914754440097,6.63129747573396,7.33305162061406,0.977107758966667,5.51967006527914,5.25550195050253,-1.01994779412148,1.62841651825939,4.58281250323684,5.43038749392343,-13.9737287020561,-0.553301305344547,3.1178003639786,0.813406404584697,3.81000000021972,13.3155626083739,8.413547255176,9.38844499098961,4.27850803861051,6.0999999999994,-12.9182107298211,6.16496191380251,4.9001618599853,2.56646326960379,3.20050860717652,5.33060485848208,6.17733443919177,3.79759815432928,2.28873877917178,9.82522415284279,8.29840885389549,-42.4511182157698,3.73530378696596,6.29349385992927,39.0796375886666,12.1465549312384,11.0720562276677,11.0793894825658,18.7850207545935,3.9104527931282,5.11910770948786,0.3413013392626,12.0792270711954,1.08184217262028,1.06691546739161,2.89838752650482,1.58730157852472,-1.79701939002049,4.74126542034365
1973,5.74455771307937,5.39276048395909,3.43808814067388,-5.58324010795549,5.10986950748801,3.81317629611722,3.50683016247268,4.57194474637271,3.55931083241548,2.8845841948016,13.9687217796782,6.72295496919133,7.30281290740682,6.78283433749129,4.75532209168918,6.72864138845117,5.64567976588816,-5.02924835602595,2.81175403849035,5.36431021404604,8.78200912237088,3.32568019881434,3.29552113471652,-0.476536267743427,7.06426385694971,7.76000000084305,10.6030030171787,8.03259997495039,11.7010816119945,10.2364330148798,6.90000000000033,-12.9182107298211,6.16496191380251,4.9001618599853,2.56646326960379,3.04990761044317,4.5329339514721,6.80600966908489,4.71949292401534,3.9679811477573,-14.2520578360136,8.29840885389549,-42.4511182157698,4.41875556494567,6.29349385992927,76.6201550367608,5.58746352962901,13.9240506555534,10.7848952141009,22.4951943533379,2.6195976089295,7.80027875284195,0.202024553629144,20.9098828890047,33.9227598520054,33.9300078411577,2.89838774607807,7.29166655440407,-1.79701939002049,4.74126542034365
1974,5.74455771307937,11.1606745454861,1.40982357375073,4.20077552585172,3.27365832432483,7.4949177045299,1.55893857170508,6.11112210372188,5.59604994440339,6.85251683220585,8.15393868457201,5.74575718912141,8.38152543650033,6.37502990286956,5.77988915170621,3.35777597165226,-0.540550186726477,2.3821493330876,5.5338043957736,2.44831956776,3.39460637850206,9.59195630039562,1.18533625466961,6.33359037226893,3.54019171278873,2.31000000294743,6.11740437109883,-1.22523982778432,8.31866197361978,4.46625338575453,5.89999999999986,-12.9182107298211,6.16496191380251,4.9001618599853,2.56646326960379,1.45490803156592,3.92218170971906,5.70629217407806,-0.964267339614182,3.19819562268964,11.4988064646665,8.29840885389549,-42.4511182157698,16.1133673454638,6.29349385992927,14.4980412677649,6.47616136825275,8.47222224387403,5.93825287801289,16.0996096318296,4.10711278665762,5.99344029286503,0.105534658034443,45.3027533157077,15.3231418916795,15.3272774471001,2.89838720614779,-10.6796115697096,-1.79701939002049,4.74126542034365
1975,5.74455771307937,-5.22774755532083,-2.11382542445206,7.53566259858628,1.24613171483632,5.04534161267209,8.93914715890884,1.69543377931099,7.55822156113805,-12.4316290214597,5.16664908406321,2.32325528115796,6.85244471412953,1.94999082158344,1.12275449104284,1.54540334609872,-0.205619192613284,-12.9121010508781,-0.0284121037110907,1.74091943389571,5.45110286965478,-4.08821409181246,9.14991201570659,1.45647070933495,4.21141563146435,8.71999999748007,3.98873862550901,3.09157591622022,0.801068092192338,4.97040522766497,6.20000000000009,-12.9182107298211,6.16496191380251,4.9001618599853,2.56646326960379,-7.283174537611,4.95210308007034,0.646155023304672,-1.40989955237659,2.55286268329218,24.4335027245109,8.29840885389549,-42.4511182157698,12.4906646751304,6.29349385992927,6.22740138862785,3.24281957604171,-8.83482715024641,5.87913245017724,-5.48816705856751,1.3357695075495,-1.73168300922669,0.0252666400617443,5.34441976886055,0.0602602050046528,0.0742880925754577,2.89838757333571,-3.80434788164912,-1.79701939002049,4.74126542034365
1976,5.74455771307937,9.04235172630212,19.5045771724679,8.92050370390294,0.148810316081565,8.38675648442262,13.2796894430741,2.24986032919334,10.8127813442855,-3.53018280627536,10.2571295347867,4.7283687345395,7.52594953142729,7.38726562476302,8.43883542963357,5.88927582682931,5.38803389552226,3.83258400458585,-2.01825151683394,1.66446135912921,8.77840333051334,5.66136120118878,1.66310363813034,4.3985361786365,5.15618958986124,-1.57000000165334,7.43716681814959,3.97498409121211,11.5634897772546,9.32681108178437,3.60000000000014,-12.9182107298211,6.16496191380251,4.9001618599853,2.56646326960379,-1.40367602879266,5.82553386110416,5.95936746483147,5.99340198904102,1.05810485394231,20.5401229155617,8.29840885389549,-42.4511182157698,17.1751037344398,6.29349385992927,16.52685650611,0.322503146540981,30.476297435675,8.348912134635,15.2236086874074,2.5884380278226,0.928812631617902,-0.0415240695017616,-26.768232358117,0.361333947705901,0.35632318115853,-2.8167473190676,9.32203391331603,-1.79701939002049,4.74126542034365
1977,5.74455771307937,6.02411784954167,1.99410948126506,-2.68290530487465,2.72568162583818,5.25858598646316,9.00304426675032,-0.0939791161255812,6.0591676788529,2.27410724169957,4.93432806978961,4.15850545346419,11.4940816019955,7.80922068405067,3.7081464367304,3.53482670608555,4.62418651704209,10.4446863789663,6.93414775653342,1.09402589445256,5.56297025151267,2.67305605004213,7.25476458760367,3.01697344206637,3.94769828741323,7.57000000138399,6.85244239382494,4.39033795032562,7.75305838033998,9.84346323531113,7.60000000000018,-12.9182107298211,6.16496191380251,4.9001618599853,2.56646326960379,2.43365209836408,4.16071487447547,8.82227726239111,1.98543020408464,-1.59625857423545,1.00721834180912,8.29840885389549,-42.4511182157698,1.89995939450607,6.29349385992927,21.4393301703121,1.03529921271416,13.0176496171974,-7.30543318661844,5.89138015058994,3.59512457668694,-3.93633825159696,1.43010429284011,-4.61262962866989,2.43024226925175,2.4262143303918,-2.81674697227385,-0.775193740673188,-1.79701939002049,4.74126542034365
1978,5.74455771307937,-5.76415839390285,9.15084081575202,-3.95393126013779,2.74000633157128,9.21483570068075,8.62876764493188,3.01447977912923,2.23266338861872,8.47593560232171,4.96989768924738,8.4699008376688,12.0287299461216,4.99668981954586,6.20886353648547,3.73597637206475,5.53520647829761,7.70110360254226,-4.50612480201359,9.7926439248093,5.19238453027808,7.07383773259727,5.71253208869331,4.40574138937914,8.04853361937855,11.3259779878894,7.77718195422017,5.27194150290775,6.65389221500463,10.2957465349385,4.39999999999966,-12.9182107298211,6.16496191380251,4.9001618599853,2.56646326960379,0.409083533148262,3.86935442889616,6.01671460457847,2.41699357541749,1.75154799420287,-3.69353109012729,14.6795660169677,-42.4511182157698,17.0569646646714,6.29349385992927,-1.58960331985861,5.55508728903857,3.8622685992858,8.863366336075,0.172332485236709,0.893490698041518,0.318542245560167,-0.488594888107514,1.05959352122285,5.62390414590249,5.64020918447967,-2.81674748221556,6.24999996598103,-1.79701939002049,4.74126542034365
1979,5.74455771307937,6.75943093519176,11.8699080379505,7.00168561322543,-1.1007636942545,7.47782655144202,4.54768962839718,3.79051926405782,4.79378720493398,-2.51494141959301,6.7595601220408,5.37911898820207,11.862146971295,4.71345609171885,7.5604214016743,3.72519941490059,3.16598822881279,8.41830468717784,10.2227634638681,4.51475107286734,5.59557107591131,4.80163460054837,-5.23818270446218,2.36887779523897,3.75843556852186,7.59132468000874,9.55444873972347,5.48404183248661,9.34909993075928,5.37176651254237,2.70000000000013,-12.9182107298211,6.16496191380251,4.9001618599853,2.56646326960379,2.49151236138555,4.37250644905167,4.86058235616294,4.05329975289474,3.84000354661758,4.33174153321039,20.8029092647022,-42.4511182157698,20.8692554328465,6.29349385992927,20.9235730768488,6.20781574766657,3.46926802729132,5.22773574019966,10.9639109389999,4.0504187128889,2.19162859226809,-0.374146925110423,-11.584994159295,2.1353285160797,2.11922371015503,-2.81674727483777,10.9090919597421,-1.79701939002049,4.74126542034365
1980,5.74455771307937,4.20483104427296,8.95161232959185,3.98776197168547,6.4241661640158,0.790606971852654,10.0113290379907,6.62058342724157,3.64216481334074,0.471695943172108,9.19999999999976,4.08735367550767,11.712145943448,3.75997816033124,7.37468791939079,2.17719916021221,-0.256775732470302,7.98662075705927,1.51878394990179,13.0844817338517,5.20071107911187,0.819141868916631,6.7358215288198,-2.31939420500922,10.2157040372755,7.83414501591251,10.1133721068475,2.817591207616,7.44182677934407,5.17354100571934,0.200000000000671,-12.9182107298211,6.16496191380251,4.9001618599853,2.56646326960379,4.6019773638462,4.5642429885892,5.74792071441759,-0.751429990822288,1.69997142075661,6.0354441115762,11.1848464618952,-42.4511182157698,24.7537268463936,6.29349385992927,23.8747749106529,1.67044162151998,2.58027926574829,-1.01642177991292,5.79763029658922,3.03565589087171,1.28416839574439,-0.374144776817957,-1.0793657199724,-7.19522267447481,-7.19641118821309,-2.81674687485041,-6.19307884148303,-1.79701939002049,4.74126542034365
1981,5.74455771307937,-13.1278804850513,5.43619947877278,5.18022967002236,4.38154812543483,2.99999608841746,7.3485538963286,5.36079105964045,-1.7434349305055,-3.50306694696705,-4.24999999999956,2.27687274512178,9.17045884942912,0.646858610432233,-2.85270971115165,3.41506525537372,2.53770126730302,6.52537036641596,-5.18978914135593,9.20680945047272,3.42220873753665,7.23394369489792,6.00620362601497,8.34197413529236,7.92076357199696,5.11276109060974,10.8159232986752,4.26062449346863,6.94210420118173,5.90686776303639,2.86674495956201,-12.9182107298211,6.16496191380251,4.9001618599853,2.56646326960379,1.60133572686854,1.59834392279892,4.26500712799384,-0.740986429360234,0.454830419135106,17.0470783890376,17.1787174397625,-42.4511182157698,-0.728727509463553,6.29349385992927,4.65917667398332,5.33992679501895,-5.31669735282949,0.900972101319212,2.98277483519117,3.33996423845188,4.65535308739251,-0.374146950588923,6.12219427064029,6.43651281900321,9.72372488530095,-2.8167473271094,-9.02912233689747,-1.79701939002049,4.74126542034365
1982,5.74455771307937,-6.80338881534813,1.8108464472071,8.01038437134387,0.916013856738189,6.40000411483896,9.90717113397825,-0.383419108375435,8.95737202254297,-6.92365041055389,0.829999999999529,0.948420786604515,-1.39761771803515,-3.53008900954855,-3.56374522434297,-3.16615026657753,-1.80301378770601,-11.0143050601564,-0.735659159103619,5.34845643566845,3.69840609851109,2.13432783577548,3.47573323969961,3.7793746536255,6.53748679998847,9.01711391381903,7.10214484891354,3.27974274286728,5.94315245801018,5.35234875066743,2.84108854244892,-12.9182107298211,6.16496191380251,2.3345655917154,2.56646326960379,-1.30941745531238,0.235322431843414,2.15456625683157,3.89211250035845,1.24866469464516,11.5698374015513,7.02594338703244,-42.4511182157698,3.43397803057938,6.29349385992927,-6.7193161856808,2.08249996565569,-7.55621771215937,-6.87449413863621,-16.1091047785929,3.32538571540215,0.929627116137951,-0.374149391627256,-1.09015193891933,4.8312289320168,-2.62106412121126,-2.81674700962992,-0.960514107149763,-1.66956554612035,4.74126542034365
1983,5.74455771307937,-10.9240850339387,5.98034993449889,-5.64746028114288,8.23500571913686,5.40000302451797,5.09440684048046,-1.84655774595063,1.38656957735846,-4.56373750458945,-2.92999999999996,1.57395603843689,-3.0426178847186,-2.57209144433914,0.908181461269791,2.56225359813259,4.58379098591793,-5.01742052542428,4.34909327926756,-4.49136434329135,1.89695178959097,3.88104639980884,7.28889290305703,-2.97740585726358,6.77837833870171,10.7702025065737,8.55448210614414,3.63019857224671,6.25223081092673,5.58420246919084,0.722965871831136,-12.9182107298211,6.16496191380251,3.43030591387084,2.56646326960379,0.639079559594123,3.97300738250756,-2.15116169962849,2.65480394043318,1.9006386651689,16.6666707336558,-2.21973855445965,-42.4511182157698,-13.0733124034891,6.29349385992927,-4.74582069985286,3.35910157761867,6.37637679964371,-1.82516541508235,-10.9934716733491,-2.22435122536369,3.49131282116136,1.9320085788837,-9.77794175437276,15.5080039135055,1.9299968371346,-2.81674720713856,0.431035957397555,3.89059164106411,1.98240271299422
1984,-0.344676680158472,-1.11562321716823,-4.24077327763513,3.93584244306339,-2.84802145221472,5.59999652938126,9.74576271171259,5.09915163001477,6.41838632129115,8.64756945671597,5.39999999999988,3.35068373940706,2.81659944601458,0.496697752643456,0.300917036236442,5.89856942508391,7.23645315874113,4.10368323923242,1.57073870182023,2.70947377521715,-7.0393782012259,4.80331001525171,3.82073785610604,9.68113001572144,5.06520560476402,15.1915400236007,8.79228623912256,4.41088015361535,7.76179012218883,5.75243025148993,2.65804768265923,-12.9182107298211,6.16496191380251,3.3964436219225,2.56646326960379,3.00845639299246,6.05238136645431,4.12911824045598,4.33934503062636,4.2295352847235,16.7115939832524,4.29168776522455,-42.4511182157698,-1.48524169735188,6.29349385992927,4.01695127951223,0.933213675786021,5.00364604500794,4.65773766871789,-4.00746352458131,4.59374363846101,4.79339838543062,4.62199697543375,13.9184874692011,3.8660250433562,-3.95249848429533,-2.8167474093156,1.28755814292656,0.170200301592118,1.73839202111998
1985,-3.30638000677493,5.91302745911383,4.40274833269658,3.46308446515194,-11.1443529779265,3.69999725488672,5.79150579142357,-1.21154088240387,6.00765207144033,5.09161727201138,7.85000000000042,3.1071061957296,4.5231356783092,-0.609338955584263,0.603631294369663,4.73768079281562,4.1695753468006,4.00991620253292,-5.18902435343904,4.94223364743267,-6.85837720864683,3.34201465416713,5.25429922311382,6.14490523732366,7.59211469875896,13.4306775204146,-0.622701650113157,5.15980790471274,-1.02525025342071,4.64724035659331,-0.253067484662509,-12.9182107298211,6.16496191380251,2.68344074070694,2.56646326960379,3.67359587310645,5.55340492253016,3.29284133535279,4.15308383229269,2.16037373742284,14.0071971120206,-2.70694716427624,-42.4511182157698,1.45389626285959,6.29349385992927,-3.59447651738608,4.03694032911493,-4.75826853805708,-2.12017026614552,-7.21181152371193,5.27845501291684,1.61522916937464,5.43650625811065,-13.2401226513068,-6.25729173068993,16.5506760705722,-2.81674685264881,3.91949640266225,-3.13232290871807,6.55846354534968
1986,0.390086943062727,0.0609452742067873,5.47213748768883,3.12698554897204,9.6616123612221,0.400001002799627,4.74452554738158,0.0178492401652193,9.27110576948627,5.19916067974877,7.48999999999982,5.82407613745866,4.96483566571362,0.143049595525113,-0.497504788372368,2.12148084096071,3.46265505318908,5.37769232259149,6.15337706275693,3.56778822646233,3.51068403005506,4.17338255900151,4.77656416847516,4.56565054565317,5.50165366386253,8.94996176439109,1.34281041445436,3.29404761337059,1.24059492750688,5.53382776724771,1.53494882486964,-12.9182107298211,6.16496191380251,4.20760200326254,2.56646326960379,1.85863271687793,4.0421122334956,6.27054196883323,4.73340610900681,2.69132317319101,2.00215978258038,5.5046342418638,-42.4511182157698,4.64759057416617,6.29349385992927,-14.9581365646216,4.19014454467927,1.18299391598448,5.33578656744929,1.00813760909659,3.96632897039611,2.70546700687471,5.4365064908106,-2.4657236254406,24.5424987637753,7.97934730131369,-2.81674733898079,5.50457826286599,-0.201430169017229,2.11866086493171
1987,3.96190278946132,3.20012546702939,-0.0240361088553129,6.25586340662731,13.8593303949746,-0.69999752622347,3.83275261319132,2.10072902053675,-0.325004075650469,4.79489887940781,3.52999999999983,5.36893214821323,7.58230437604178,3.54398330651921,-0.793648700197082,4.07201575870543,3.45462966457823,6.46046852820217,2.70486882770558,-1.80905547693988,4.36180967277697,3.77240185251682,3.96535563481719,1.69561826572762,6.45234302466982,11.6574277931257,10.7979324702819,4.64886139754491,5.19193211272702,9.5189460221079,4.05122959932396,-12.9182107298211,6.16496191380251,6.05451383874338,2.56646326960379,1.58547838061136,1.75349698815641,8.54593981291687,0.462955844443798,3.35384298271077,-3.4407841670407,2.32327437695264,-42.4511182157698,9.3052813911243,6.29349385992927,3.38198170911019,7.13971161709075,10.3990093325466,0.0449913979998513,-3.1329858324074,2.55962217359244,0.97167514611165,5.43650574891915,1.29273394156704,9.36375397249417,1.19976004799041,-2.81674751020174,0.483096051256624,8.4213101897534,2.98563769172688
1988,8.26707354577805,7.3340254875872,4.49882499325926,-0.816575488243529,0.503674879297762,-1.00000549065851,5.46132049551341,4.20010964838187,11.8752359788597,5.62816876359457,-0.059999999999917,4.06417324490376,5.91537206556045,3.89238706354786,0.200426837325949,4.41083906825777,4.17698239778066,7.34511045416897,-1.08993334133791,-13.3798437861779,6.69693110468185,2.41625685565774,9.62778291607844,7.6968087109188,7.62527877959378,11.222594982521,11.26359213382,6.66163652201594,9.93771967651989,13.2881140717644,-0.0652631433037101,-12.9182107298211,6.16496191380251,10.9446920643057,2.56646326960379,3.27759603695701,-0.255126895859874,-0.0897260217433882,0.272951120558915,2.55903870414407,5.96402764822645,1.46216981660707,-42.4511182157698,-0.0190369368025927,6.29349385992927,-2.61890770379125,2.91001617763737,6.99999164945342,5.90444950099258,6.60033394873791,5.75781883918933,-0.35454093127548,5.43650637200439,22.0454150997514,7.78904656015229,2.54890337877889,-2.81674677752348,-1.44229968442642,1.2501963287725,-1.88187195516706
1989,6.36194124395438,1.91938129589542,-0.0365342731879821,3.97378331483225,-0.36104417975227,4.40000216059909,4.92086860390228,2.39479511538406,2.84620258132841,5.08587270013842,3.16000000000032,3.41409610966596,6.93520391103523,3.94258951982349,-2.91342439807192,2.33732974637616,3.67223783573645,9.92338289723011,-7.15694965597953,1.56224701004832,6.18391820283388,2.83658212908817,5.94734333181324,4.32964793285106,4.95976889440439,4.20633435548258,10.1588286387889,4.92578541306383,9.0596008665043,12.1905059866109,0.736424821486864,-12.9182107298211,6.16496191380251,-3.28988206824971,3.87310321162344,4.33079421124518,1.03825235459402,0.258439816079274,0.69717321754392,2.65480689294282,11.7568618360793,-10.7292192804849,-42.4511182157698,-3.1185352147467,6.29349385992927,12.337891282123,0.574746752969759,0.364007138161895,6.22221111913098,0.415187307775426,3.87335950546905,0.161404002833294,5.4365063763544,-7.29244160715844,-1.69160864306495,3.52601156069363,-2.81674756298003,3.70731363153662,4.26425671266072,0.389906802973172
1990,6.47414015255596,11.7768859342069,-2.39929109760386,-0.746282224252312,2.72645178272658,0.800000580174981,5.66702915715818,-0.317760426540374,3.41181222630115,3.32881788321653,-4.35000000000022,4.28199833053058,4.12328287941739,3.10256317557587,1.03812280198248,0.2029478627489,1.8859655853434,3.3335654744462,-2.46721377810472,8.09899300707535,3.08267252855887,5.62225816160344,5.53345456125301,4.63503634698831,4.45858681510218,3.9202513677681,9.82089955731777,4.84092905745234,9.00852713774628,11.1671634446293,-3.49665976181716,-12.9182107298211,6.16496191380251,-9.11737709565379,-6.34523512831163,3.67462559317617,1.93229132787364,1.16937033489131,1.66026773673742,0.754674760966182,-0.130425738129333,-0.275903907591925,26.5331600932491,57.8178283456035,6.29349385992927,18.3279855336306,7.31519904715398,4.43799717642609,3.41446208226637,9.42609746032747,3.57741096455418,0.153130944080715,5.43650669451732,-6.38533433567764,2.67624654001773,3.74092685650476,-2.81674699951233,-4.42145088411849,2.19999999881691,-2.0440915137989
1991,5.55409549507921,0.358352601660144,-2.51437965263501,2.65996265739379,-7.13747970027428,-1.20000058514485,1.12540459520747,-1.0182449675445,7.21608815359085,5.28182639834429,1.03218958549303,2.00160759559029,3.49365015491472,3.65824875006811,1.88054472396281,-2.09105517930676,-0.108312888962658,7.80439218636187,9.13311056738961,9.41900577419628,-0.436390080533428,3.48522781598027,1.05683143496063,6.3681503973968,5.06156775897861,9.26278608516616,6.68839753958379,3.52335723533228,9.54546741443052,8.5582603212423,-11.8920408618436,-12.9182107298211,6.16496191380251,-8.44535519637161,-8.6999999997216,-0.91581666845633,3.08443858463822,-0.223525548384544,1.45818004243954,-1.14597484648873,6.07407790816865,1.60853107260243,49.4473791849141,-64.047106973488,6.29349385992927,0.860081947717788,7.72611530892679,11.2299987800124,-1.66223252157937,8.2207535227478,-0.382260201054848,-1.0907246579274,4.90522291373161,-5.64868734598663,0.0877993120756031,7.42734122712594,-18.9937573482743,-2.30001238645001,6.00000155634052,6.41494759566901
1992,3.41835689468401,4.63119294607692,5.87272523970344,1.32023303661357,-8.67248014788842,1.80000230244057,4.47285918408184,-2.13703284500521,-2.097738754022,3.87941908037517,-0.54407204977727,4.04492943933556,1.69642801124701,4.83833884688683,-5.30993292251178,0.89046625458775,3.52249718409405,11.166707732399,7.93729155643076,8.20168016089707,0.417629066097945,5.44268554966725,5.48239602040357,4.10640661731669,7.70589781716029,14.2245295924965,6.63980556949564,0.900586066360461,8.88511797832156,8.08338802345332,-3.06418034654369,-8.7672284522824,6.16496191380251,-7.27238796644707,-9.90000000204168,-0.0437330034965839,3.5744589496928,-3.37389406688185,2.02281125564969,-1.15859274994,8.41388425937097,14.3497760596886,16.4383457045728,32.5922111964051,8.20759813722687,3.34494485849439,7.75926620215321,6.68999836660551,11.3305277115916,4.58059761127585,0.428289544126571,1.09376591969001,-6.40002595335784,23.9592681774745,7.14088119818035,4.00801603206413,-16.2602975907423,-0.199987145070338,12.69999824824,0.251975664133198
1993,8.32629251939072,-2.03511877399136,-8.10869187970815,1.36021300651346,13.1428339765154,-2.10000075769095,2.90079079959442,1.23355793864741,-0.740591700332374,4.85000055379412,4.9246900037071,5.38540993901029,4.93635941475281,3.92713194504024,-5.42629599215383,2.65770688317689,2.75179586183873,6.5887838266316,8.20697907221228,5.4557443567584,2.181889985613,4.71156172453999,4.75077621776924,3.84985002629573,1.7577476978468,13.8837293017729,11.459650875246,-0.459219716150798,9.89494333377064,8.25191591524627,-0.576108517766556,1.52883449664077,6.16496191380251,-1.48021485421819,-14.1999999993643,-0.125983394603708,2.84518273226813,1.31344945898732,-0.0789004069928296,-2.06561638895113,6.04296067461487,4.48698977985755,10.7656697971889,30.289829491298,4.00196638126631,1.26119094566637,4.11675627305021,12.8700066696583,-1.32513610817219,0.379839272863606,4.04672816534581,6.39202009768928,-12.3000434212061,-0.104014952392347,6.00624977598774,8.14065510597301,-16.1173863594909,4.09999101013889,3.99999953485583,3.73805538289818
1994,6.40363574007452,-1.81492448525673,-50.2480671053527,-0.0475209486617416,3.18996458217961,-0.899996552733839,3.97317218034541,3.20000000297172,10.5880004161286,3.29999973947747,5.85287036219013,5.81466190724336,5.31791766023942,4.03374149641458,-11.9506292939561,4.49404924349821,4.02902272904724,5.03019797856734,5.83620070368526,2.85014710063092,4.37366591819077,3.89012644116818,6.65892407028434,8.21600269296587,3.73741555767747,13.0368066326745,11.0956893100227,1.08338317429946,9.21204179334867,7.99702466720433,2.94715455629861,3.93194272962506,6.16496191380251,1.81801133415438,-22.8999999992283,1.26975767606226,5.05527398129418,3.60885787301576,5.2946961411795,4.01565495645877,3.87577416657888,4.97147669964757,8.10524197734502,3.85453244895318,6.72194912231696,6.89614855343777,7.42784519940192,-0.250001484542793,1.41870841852997,0.952955921553553,3.98038838722397,5.11890595985565,7.30003172661979,2.0452448281648,5.87769745883959,-0.534521158129181,-3.86614021353131,-2.54210048090948,8.10000122622141,4.95252132106505
1995,11.5232438119529,-0.0726647639378797,35.2240783095728,5.46858485819628,6.12751141376545,3.79999479027065,4.64245877240639,3.10000000054411,-5.40544787197402,4.11241897162861,4.22379363350413,5.20243759278655,6.82281030358578,4.94854750210382,9.89770748815705,2.68232830305229,2.68443073540719,8.93329586928566,-2.84520961057079,1.75167879322242,4.62522511739661,5.12127789724337,7.57449183788519,3.46845189309603,4.96260914623281,10.9539543419,7.17540112091071,2.63099961644897,9.82908519730812,8.12031534625378,1.48952547622301,6.23351148371351,6.16496191380251,2.86201907177895,-12.2000000007385,0.480866448949428,4.15559224332756,0.116583710099547,3.03802152476311,4.09425286536771,4.99681952030654,6.20087444373819,6.44886256985258,2.12002149763362,5.66937132228433,6.68788645972637,6.60292483340288,3.92999154532021,2.39923621838123,0.311672244384354,3.88592623460093,4.72257561898002,10.9000018927701,2.75221183544616,8.21329431843584,7.01446484549932,-7.92345051015251,6.6736431464967,10.0886153892408,6.22816181781727
1996,9.07211457909349,4.19592404660108,12.7456957639179,2.01997720854131,12.4261737774646,4.0999984703933,4.98873056512208,4.29999999726792,12.3728762700496,4.60246115564627,2.20886405039022,2.05585471287195,1.57378513175006,2.95777988740716,4.14077332856783,1.68896120754063,3.7727726858688,6.80291659568033,5.52668982715234,-5.76501591036177,5.8603478716379,4.52291921684423,7.54952224920051,5.32828417508708,4.84658128681654,9.92255675282291,7.47139086002002,3.13387099280445,10.0027006861844,5.65194446499471,0.082413297607502,3.90770208816159,6.16496191380251,5.20539227460284,-10.0,0.471280020946296,5.02796426577115,4.56712358678963,2.89575066076839,1.70482128603852,3.04593990978547,2.08702078168028,11.2859357161668,11.0207856442117,4.63496731668951,5.79840406919965,5.86833203501907,4.11000611512105,4.37391057029394,3.30470078628477,3.86388891398424,3.61087254135366,10.4000173441255,-0.052032522245554,-10.3029571066249,-3.18237151897384,-11.8595330872303,7.17896881783187,1.6099076346426,0.0929185400565018
1997,5.10000186476283,2.93709941924899,13.8497524870901,3.04560103485423,3.13390685087593,1.09999993888543,5.49235474302942,2.60000000146347,-1.56070234550782,4.19635744019571,3.39484598630671,3.43029367788374,4.24251610269859,4.36408994678341,2.70471393077787,4.28016686255228,4.44712794186451,7.39173926780252,8.1110467707457,7.70904000189154,5.18641167406165,4.4898964976265,4.04982084998183,5.04861254517328,1.01439601077892,9.23677989187537,8.31620911124497,0.981228732132223,7.32274185035924,-2.75357515314082,3.1431221936127,-4.8490627379703,8.93321261773936,-14.1153804925786,-2.99999999842365,2.26132523902862,5.28460659472807,5.7716124249294,3.16848144114819,3.06487114182063,6.03351250709945,3.30847538304737,1.05496666740667,21.2379361287918,5.23111204040379,8.1903986491688,3.75430077713948,3.09299978673214,30.012039826432,2.64732355386532,3.91324731942255,2.0791517904474,2.30000655986767,1.17714330238312,-6.4456755576108,-6.0609374365163,-8.95361406944509,0.643425004323134,-0.914077188158132,-0.600530108412045
1998,4.90526548451564,2.58125410192935,8.85866949333747,5.89847931769205,-3.45813913371742,5.10000360896746,5.575497460986,0.50000000034143,7.23855267691987,4.70039078427911,0.338097901207306,0.569784088434517,0.0680377558080636,4.99352780305848,2.18184032957123,3.89288652990767,4.48313334577439,4.18088662724911,3.85017885156228,8.38747212468969,-0.514090599541888,5.1770268731498,6.18441582172117,3.01638947539399,2.55023429817393,7.84595178729862,-2.19101500611274,-1.27033049463975,-7.35941518817556,-7.63403528600102,3.90000450119636,-2.02981290571721,5.34264215476301,3.78912019173276,-1.90000000214164,3.0299691703928,2.66868662298907,7.36280095338691,2.32630276499893,4.24572537109466,-0.0678740925781511,3.01217269046565,3.66572378505683,35.0009676191703,6.00669459871877,0.291994342094142,4.0642883735869,4.7900027885549,11.2186524439444,2.80379235736544,4.66321460379962,0.85907461138774,1.99996895916799,4.44226906151324,-0.674095984599532,2.8505158599975,-11.7879837397943,2.19488971786478,1.2915122493724,2.29257568997761
1999,8.05394837724197,0.584126892918917,4.35188832096338,6.28330825030987,5.16214582105535,3.20000155385367,6.05343878467555,2.39999999746338,1.6970614772566,4.39999682545296,0.467937566477133,-4.20401524244947,-1.36607971240079,3.8470621889051,2.71024801048499,5.14100348008584,4.78842505322162,-0.273631397756063,-3.38545704063269,5.21164584606353,3.34645118398267,4.67015636882111,8.84575555939531,4.41257328041399,3.66013273943236,7.6616515004031,5.71837175710837,-0.333929957747415,6.13761201057692,4.57230775115542,3.07102686649078,-0.376660705758994,-10.3255072165418,-8.39609123628522,-0.200000000106499,1.66270128418284,2.07204717075879,4.03492352675367,2.96730537723417,4.20107363910364,0.29759569579106,3.38953079405088,-0.525584634783087,17.5801703743879,3.77553049612634,2.90221363963286,3.32323775149585,4.29999896037747,4.28406439626644,-0.63340123682255,5.02768409342292,5.37596118390373,-5.39999319279785,-3.91425565930965,-1.33472157840318,1.37443838961255,-6.56822403394497,2.18543437397388,-0.485730727999851,2.30246271255983
2000,3.141907338187,5.01593475931159,8.37089593548548,3.88721095816793,6.07321747957957,3.80000000133003,6.37000382991766,4.20000000067826,2.58218091499747,3.70000008164408,4.38794944745618,2.92486148176778,-2.31414056819045,3.6088687174876,0.870059259424892,5.13853918593026,4.07758575804293,4.9716214885003,-0.78899893905691,4.20900547865375,4.38250483347254,5.29329471892532,3.84099115659129,6.19999998192236,4.2600880111325,8.49009340597647,9.03831632555163,2.76464755143648,8.85886816969386,4.45524704335014,4.47919473197571,2.46121646882141,6.05509225799881,4.58722551038977,5.90000000024899,3.95871971933516,3.31894567098156,4.98504277020335,3.72400897562952,4.63111599061558,6.19241063695442,4.24571192079179,1.34187161970405,16.7961344439661,6.1819155928913,10.852704215378,8.62599637567297,5.30007005600885,8.02812545191884,4.71817952910665,3.9215029305806,2.87059022192307,-2.60389638425099,6.7426567780646,2.45443006851272,4.83390378617111,-6.85619323247066,5.09304469244418,-14.2769995911798,3.75409227660795
2001,5.18366112490236,5.91768464920368,8.4845603416011,4.31085146618369,8.30130632052328,2.99999999909851,3.53525197391507,2.70000000019104,7.72182519577728,4.00000012807919,1.38989640095637,1.67789830787579,-0.834054716746095,2.33257486608854,-0.342747883252144,1.87509813216803,0.955538346430316,3.154034924374,-4.40883968258557,0.949908149985234,3.04923150985866,5.07728777526728,4.82396626555771,4.79989214255407,3.65135017083765,8.33573347817196,-1.07086275100448,0.386103426145752,0.517675319192861,3.44424900968372,4.07408803273854,5.21818451151151,6.77851908946397,3.82370437398085,8.80000000367222,1.57566196744156,2.06713046054618,4.01349755473568,0.950032280359281,1.3607669264817,4.61316649389876,5.26995757513571,3.83966927702973,1.76660876568174,3.80364587188127,1.39908503706675,0.16962554973415,2.4909481082986,3.89818666233907,0.344583362943069,2.02510553454593,3.41147076988781,6.50040135055451,-3.14412042085681,6.93004446202892,2.16760244050491,-6.76111724714301,7.39012906172989,-7.9566061001623,1.49248296045958
2002,8.73268576440127,15.3291557409559,13.1920736254262,0.0686965747419066,1.51472570631101,5.40000000000001,2.39020402573726,3.70037440406668,3.73019737485745,4.49999955900331,3.05346185909312,2.50398046659659,-0.0214043949985694,3.83928708556792,1.05182013450109,2.9992553495694,1.70044732363073,3.20279913985533,-10.8944848285903,2.50884372716125,3.71625500158383,3.83312393993225,3.80397532112175,0.120143177369414,2.59481668445784,9.13363078966614,3.92336076702013,0.0419624993125609,5.39098830692797,6.14903605210036,4.7412865464827,5.70299165043771,6.54104819665429,5.87193118968936,5.33964720719075,-0.0732170840426534,1.37755700146496,0.559519082007625,0.456529990797932,2.27767114939392,-0.784165786429256,5.78380792679296,3.42314982843781,-8.20370481187175,3.9352315052778,2.43345681089617,-0.121470227282359,3.34855066794107,7.18215168021513,-0.688407962710954,3.97958568067362,4.71384316544561,5.0161718533849,1.44715639896809,3.63579015049041,0.546997672499344,-9.97126890998523,5.65195919890348,-2.79998288464989,4.42922912508081
2003,6.47325867166543,7.34719496799485,2.20238751139603,5.59395094456143,-2.16135972205798,6.5,3.19345473739745,2.94907546754213,6.17110214953244,5.200000133101,1.14082899824888,3.91827190322513,4.32074548551591,2.56037766801896,3.48077973188326,1.80638513484521,2.795605965883,4.72324526681116,8.83704079576924,5.09686030493801,5.08691113513073,4.73956739963045,7.8603814759073,3.94503776051116,5.40131087314342,10.0380304810393,4.54825542643229,1.53512549928013,5.7884992858875,7.18924330340971,4.07424974585209,2.34114732919521,4.55968951215699,5.23715363472283,9.51660986436364,-0.0323984765377787,0.944909391118713,2.14268837866911,0.441090994656861,1.88094411885302,-2.19466567976842,4.16166755544407,3.22709826879041,-36.6567804383165,3.74739818489111,8.80054081355328,1.46505768929177,6.29644197869376,3.71995867654906,8.76875651851432,3.09076190489348,4.72896774397864,-3.22330324953229,-1.57544438861257,-1.56167510462087,1.57211506743108,0.284637232119849,5.21262892634149,6.52346685055139,0.0518033345819902
2004,6.80723334361883,9.25055822917993,7.44766737034072,4.64329393683312,13.5726031368695,4.50000000000001,4.0920716112534,4.55455990721774,4.57138016516208,5.59999999077445,5.75996463670954,5.33302206759905,4.05741836363771,3.13791683609193,-1.3178567596495,3.09236383456562,3.84777169205226,6.67425416745972,9.02957330068152,8.17565333965649,6.56922851180626,5.23953291029852,7.92293661199932,4.68260325152944,7.83125556961251,10.1136213776263,9.93998268434957,2.1861156944216,6.78343772370305,6.28934214285795,5.00462069164915,10.4281130180976,6.68686771336695,6.51042517431171,11.7953525281136,2.70170920967028,4.01458801709728,7.80239950753543,2.77635184668432,4.179530395519,1.99251510973346,8.56721424236899,6.67944461641103,53.3855472887501,3.972696401183,9.56643663767056,4.6793168869774,6.9809605942982,19.2189153397893,8.63097688883705,4.22428481359962,4.08825964880346,3.93904583246815,-0.608968733618624,-0.408355471416314,-3.08015304747474,-4.31490639604696,3.0872602379675,7.6832999660031,-1.96794813100712
2005,6.33256511623156,6.43851652538319,9.3778991673686,4.31023852639633,11.8187659466494,5.39999999999989,4.47174447174434,5.27705197295467,3.19224973015831,5.90000381855104,3.20213206130431,4.82876110773741,2.13349066459601,3.27602692588886,3.07217337664731,3.21045435651203,3.483549937943,5.83704571525745,8.85165992013437,8.27618334503531,4.94250511877678,6.53594493875502,7.92343062148318,3.47918104829496,7.2765744364722,11.3945918098927,7.36632239250758,1.80390087227372,5.33213916141486,4.18763842884337,4.29427761009178,4.6681480508487,5.90349798339875,7.05634921181696,3.07123039245209,2.74969898498485,2.68512289082248,6.12443896533613,2.35960883273722,2.79317685497699,2.77944360306151,8.14659481079931,2.68577931016345,1.67522863586828,5.59174807563268,4.85514119553352,4.21553188612005,6.76899787107486,7.49275848279068,5.94489403534072,3.15416753184221,3.35324144367794,3.41396800624292,1.2924220970469,1.79104477611941,2.04186716395544,-0.355648874471498,6.63920361300734,7.35784193356017,-0.657653748801707
2006,10.7847443857453,6.05942803202912,9.22707576798881,2.33077098330239,10.834727065877,2.90000000000011,6.84383819379117,5.60380645895889,7.7908200104027,6.39991260618034,3.96198871122617,6.71686869844402,4.80711719268376,5.35139778711536,1.76875060288195,2.6379438004107,2.78453963938148,6.04999082904382,8.04715150043027,9.85723870564752,5.31641682136939,6.67190498576788,8.06073257166651,3.36461478056277,6.05163767569996,12.7209556654032,9.00676607871758,1.37235012762038,5.5848470671515,4.96781089246107,3.9460668802932,8.02881107599163,3.90066385503751,6.80258898745842,7.57142076322967,4.07362844994275,2.46147313370328,6.31699308637074,3.81648769723503,4.67599870877491,4.66981481939328,8.09297527811933,1.54951500083213,5.63829915220637,3.17040935922364,9.83731976923958,5.58103117783308,6.46700012199584,26.1702456703032,3.31351693671738,2.75534610557227,2.77957134994847,-0.123720351661731,5.77691463377204,0.175953079178882,-0.0810552934164832,8.32876080572269,2.13212714677351,4.13828031825385,-2.16566628881468
2007,8.41242596551071,6.59113036068734,7.63329819125276,2.82711920133374,11.4561670000236,3.09999999999988,7.08782742681038,5.36047405394162,3.44106776690418,4.34681910440079,6.06987060678338,6.73819469090975,5.42162287218235,6.33771869016203,4.70652994008303,2.04990461109004,2.00385829825838,5.16823098722429,9.00765087504757,13.1530653782933,6.51929155018938,7.05859935449848,7.6608150670107,3.41156027980276,4.4448143398844,14.2308609331955,9.02151951268893,1.48396941163492,6.29878592740947,5.43515169050809,0.277372772325805,7.23380774362805,7.83207166337402,6.65438764900219,8.21584445165715,3.9163758177818,2.91403998607174,8.45486009612951,0.987173788437161,3.22491131711666,4.98065467051528,8.17616995204646,9.31062252641144,1.88853936243953,3.33842795605096,3.18439017324607,6.02286048254548,8.29396044759687,17.9856568160263,2.21361714815569,3.77332171303566,3.04991051170988,1.75401588738863,3.05509783976137,3.68852459016394,-1.83618529402398,-22.1853049779967,0.485982550017255,3.63967242948135,-2.46430781206183
2008,8.70875190154499,6.7644727778017,11.1612473247323,3.70316906391386,10.7885216853725,2.5000000000001,7.15628356605819,3.1910438863288,5.68453936284732,9.14979893831817,5.09419544658736,3.28344618616541,6.4962921197091,3.29352400028485,2.6580323082747,0.995406309993598,0.113587248258867,3.7893928023371,4.05723310346406,10.1974325907958,4.34448730509183,6.01378975738535,3.08669805921981,6.10463914373472,2.1204410433083,9.65067891939361,1.86348345462035,-1.22428900072828,4.83176988913097,1.72569884866334,1.00394302900897,9.30746717077338,5.16089277292242,6.12955879901182,2.24349159628288,2.80798363168692,0.481919541231974,2.20949641882098,-0.417178429513314,-0.923123082950312,8.95005895005896,7.22038637280139,9.06912826789082,8.22810710383277,3.64756947012633,3.19183627331816,3.28597722131417,6.24501077496259,17.6635563626089,6.23802004687759,3.58626695226046,-1.2395351114323,-5.49395535527201,-2.98473810087906,-7.56634669678148,-2.40849258666222,20.3809075924478,3.55610467395,6.22596954376191,4.86284755682993
2009,6.80151734860395,8.03692510099067,6.24825750620508,2.75210448455053,8.80255319782566,1.19999999999996,4.67359979952391,-1.53808913525583,3.74576940136258,4.84448705175076,-0.125812002161169,1.13964864548062,-0.261137328080281,0.476898106596394,5.89037894844316,-2.91508623949733,-2.57650023426996,-1.1180372326977,-5.91852507634947,1.61186405976055,1.44832306275669,5.04512479919337,7.86188883286074,4.5330787246486,3.47255059567348,9.39872563259674,0.127953382778088,-5.69323635882266,-1.51352871598714,-0.690618232300579,-6.59786721850169,-5.51670615843011,-3.14261046499367,-3.34714136704206,-15.1364679101502,-2.29737463071545,-1.94036469505112,-7.66380956025947,-4.97447907474,-4.25557374271145,5.98196694904402,5.02371007272669,10.232155577776,3.37929909442771,3.86622951587742,-5.24292190385027,1.10822776049756,2.53988593585048,11.9565611289086,-1.0667099999425,1.89255581922549,-0.051952422293283,-7.26060451429389,0.536786756099048,3.66524129505193,1.09309924105246,-5.65193279967315,-0.541677601834593,2.86426790167438,-5.12918545677135
2010,5.63761163749757,8.00565591628646,7.33465645006753,3.39088925336209,12.5505383459308,4.80000000000005,5.1472348575531,3.03973288127956,3.49955709403216,7.89971194051621,7.52822581815364,4.49465897070922,11.0952312685521,2.88417542800377,-5.65151153448299,3.09080637403602,2.6951925838264,5.85165101730949,10.1253981561002,6.07339353106087,7.33449996514402,5.57178818533122,8.49758470221235,4.81641464694573,1.50171752152883,10.6358710644913,14.5197497108994,4.09791791930137,7.42484738326097,7.51339053261624,1.0762540427767,-3.90581157302972,1.61097266144839,1.55535963462032,4.09200436668087,3.24339733550173,0.787051845495441,-2.83277491540855,1.58289702078196,5.75073584322725,2.47199856582773,2.31483422063046,7.97513555844932,6.40256484471193,7.70230703961865,1.60285004844802,5.63311956432702,4.33429917283135,19.5923315337859,5.03949284261405,2.21998026536549,1.44462128410649,-0.895890570670019,1.22596286062763,5.53918680023571,2.25938995585932,-0.159976911238559,6.1247199226125,9.70838816928725,0.824396747198833
2011,9.3916554927176,5.30792420289512,7.95838869847094,1.33409107961258,11.1782962271641,2.99999999999984,1.7645719489982,3.16855627858818,5.52464523319847,14.0471235803149,3.97442307944702,6.94789198173555,4.28637120702282,4.16390688293349,5.09821354410036,3.13719438973661,1.56440685438301,6.22389678693851,6.00395169280579,11.9088772249531,3.85823282420755,6.46437912497728,5.24131619937695,3.42180870116162,2.68011685421705,9.55083217877568,6.21493416858989,0.0238095237748297,5.29391283414003,0.840132083053334,1.86683747544298,4.49558909946313,0.0542724785839397,2.09017527015538,5.44528081048476,1.81310819203695,1.10565602733728,1.84577915624217,1.31080377939614,3.16391048145204,2.89460973541192,2.73717988632104,0.86733987855277,7.546471200426,-12.7148968954117,6.21612181337187,5.5628227805086,1.92815791170796,13.3751764107929,10.9937616764876,2.40708018291988,2.24134221542516,5.11827567484974,3.26374491722632,-0.502512562814076,3.18857475473928,14.3946334157295,3.84907794660396,7.42994961675907,6.70370138900074
2012,3.83745560605229,4.23006117493168,8.64150815836322,4.00299555090457,8.64781163337416,2.40000000000005,2.22619979863525,2.39623238465745,3.06234368502997,9.2927894063005,1.92117598576537,3.91263576716115,-0.708043112316886,2.97470856847661,0.502424403581585,1.75566132540601,2.28911338767897,6.15534002096459,-1.0264204544321,9.62729346439019,6.89695170786769,6.52145877906443,5.45638755166587,4.67014192446953,3.02758391088629,7.86373644862111,4.43549759378537,1.37475099920874,5.47345419253853,7.24279620249642,-1.25022602347063,1.90361696799603,-0.443956029497713,0.748814896796574,0.152314967200653,1.17925383325108,2.71795926678982,1.06363660743763,-0.0054323186932663,-0.414465721070883,8.86312225557018,2.42935800100238,2.56479133680038,13.9364301737537,2.3929902093532,1.82448078870188,2.54080459326553,3.80302899043062,4.73001184360784,5.40891607761418,3.91670942454073,2.2894629674209,1.25344701956125,5.80364100553874,-1.29068462401796,-1.86681975475544,25.2793205022189,-3.73213020890266,2.46600138697883,0.91976790274731
2013,3.58690582623025,6.67133539306172,4.71984856978263,2.41238527605579,10.5822700482672,2.60000000000001,2.18546605362143,2.48546800826588,4.12221286860944,7.31252501678145,3.00482266944432,5.13399351995672,8.29307648940471,3.69481919881751,4.32478411472874,2.32581357393478,2.11783009919849,3.30850824469113,2.40532378079436,6.32435388662846,6.75053130394745,6.01360565834344,6.38610640094825,3.52515317129149,4.36686504978387,7.76615009773009,4.81763099120676,2.0051001767726,4.69372252557893,2.68749556320556,1.80252210082266,0.278771877470234,0.451578762944706,-0.542751603030155,0.045439094492707,1.79214405707484,1.01619082409272,4.55246032015107,1.39267347017295,1.13771649797086,5.22770408145942,2.60994737548631,3.8278734986016,7.62828592298754,4.82351906650533,5.05555965425988,4.23059967389156,5.29262224906203,5.55604064306607,2.53477827137303,2.60219339436559,2.76017958953716,-3.03626082731732,7.73091286402961,3.80898237635019,-3.67976779073483,3.64774041663625,0.107293276488932,5.23774017780327,0.393913876447826
2014,5.10630732539796,6.30971865525467,6.16716615166932,6.22407443790986,10.2574929610051,4.09999999999997,2.91591187985748,1.41382645223793,2.7192440802029,2.85624016330883,0.503955740242247,4.49903000110972,5.30123859237025,4.44397758285268,2.88877250863379,2.87346677184995,2.52381981441982,1.79264947361806,-2.51261532081394,4.62581375565551,6.34798748029741,6.0610593588495,7.41022760508854,6.01148284250441,4.11642817161422,7.42576365632412,3.93554027709007,0.296205514142628,6.00672194558203,0.984468863619426,4.23220980614269,4.11600109267832,-1.80427024822048,0.949448985090484,-10.0788949856211,2.34988127508626,2.04813199855084,1.68721501750642,1.27799979380644,2.2957638087284,1.29225229411081,3.38407809933472,2.48406010500743,2.26368817563613,-0.188690232450909,4.16569184256178,3.8853242385341,4.30885692657077,5.33432329196459,3.81142279142699,2.59528411594042,3.75431941509395,4.76999999999992,1.26367022947325,-1.25958378970427,-2.30577574529325,16.4233356386109,0.659923768782861,1.18921747092358,1.99054015465354
2015,5.18785986002466,2.65269329543003,8.8568555974538,6.36704365066983,10.3924630202334,3.20000000000009,4.37201907790141,1.32186223678229,4.34458297635238,2.12075933817334,-3.54576339269425,2.95590137527523,2.95715173487106,4.09217081621244,1.40000000859727,0.649970993709132,2.94555045455233,2.15194249853634,2.73115982828944,5.26691719595516,6.34830971539886,6.55263987816197,7.99625378571471,3.97605327162971,4.21794209572506,7.04132887873656,2.97679931634806,1.56062669674904,5.09153242155011,3.13404724911635,3.7073159793626,3.1570360543854,1.29573851189748,3.39755325869422,-9.77298721103519,1.64462768699285,1.85733972643303,4.43666371937172,2.10441458712587,4.41014067579341,5.01705799719045,2.49652879315188,0.462320792597581,2.60676642939541,-27.9945462536875,6.78677287945216,2.31351073538721,2.50787205267615,4.75334572438737,4.5090590631757,2.19016928695221,3.73403577291154,8.20000000000032,11.2653381034544,1.88574597892401,4.62188400404939,2.69801727367511,3.8503618166494,1.67614615649777,1.11374405685874
2016,4.78100029254482,-1.61686894906529,5.97074525431094,6.35606857181878,9.43348265784402,3.89999999999995,4.34664345555447,0.664552307858116,0.52118550608968,3.37346574966936,-3.27591690782192,2.08738250162794,4.26802583314583,2.67780255532826,1.81246807847532,1.03855093491798,1.81945147474293,1.75303874553305,-2.08032784377811,4.57196707937275,7.14945675286656,7.11347821270093,8.25630550179086,0.433113719381524,6.57383828511043,6.84876220495761,3.58864369582668,0.753826745903538,4.44978139761541,3.43515771692182,2.20100189293856,2.85993252302089,2.97519779211943,3.02662893138918,2.4409819445784,2.0686896670996,1.16472423497285,6.30368710650176,3.07304547479855,2.34974080432539,5.04642394571691,1.9941808493012,1.55454940856943,13.7873730187089,-9.37512381761694,5.56149075496799,4.36728364160348,3.81499327422425,3.06419188430156,1.88449273567737,2.7593859723839,3.74831145236631,-0.440000000000111,7.08802960050427,2.5040827436037,0.484101802387045,4.36324053905588,7.9838628784713,5.55473153366954,6.59870436118344
2017,3.13140551723596,0.80588661910221,3.91817093628465,7.4074861863013,9.56418964295607,1.50000000000003,4.18122099994778,1.15794695181735,5.05789816173446,8.12889488100956,1.32286905404399,1.35936086788746,4.81007885554041,3.07985149125689,2.51027134544685,3.03383490260789,2.45762230322211,1.35769537797211,2.81850297775918,5.7440594635578,6.93098832521765,6.59024999794057,6.79538341897911,8.97727935643466,4.43262590683975,6.94720079331685,4.51292631770927,1.67533175166503,5.81272240983328,4.1776810321001,4.27197601620695,8.19547826641261,2.36339378690924,2.74592644707793,2.35997228099491,1.36279955711416,2.46374628510146,4.19494882908376,3.05647724393516,1.82515601494717,0.304057565922449,2.47359815449045,0.903028464073813,-1.81975035118309,-5.07179563883867,0.735068713165646,4.27342178782185,4.95383534123657,-1.49760470227838,0.911048655580274,2.27959179820343,3.39728250444887,-3.25999999999986,3.74913001948165,3.55815188528943,0.823045267489704,-6.01122998653516,1.40628239971301,3.07534803424636,3.2023165092282
2018,6.30392378262997,1.92275734200651,8.51646722592409,6.20924103389086,6.81614779681703,1.40000000000002,5.3311086189448,1.55678384721676,3.06564133025955,6.20007768127284,1.783666761634,2.56432428277704,3.20425034076639,3.40687339997949,1.66781095484656,2.74296343112555,2.96650506916633,3.99002947521676,-2.61739646282038,3.91819807389903,6.34148557098946,7.31941263014136,6.45385134497769,7.62237610397935,6.15170261099519,6.7497738324959,3.51711418509255,0.643391023460339,4.84308697634881,4.22287028746071,5.36234836176223,6.120930007146,4.64935035491007,2.5494643471818,3.4883623420827,2.86044579461633,0.828900664137592,4.88917299486545,1.86000748885226,1.90296458840773,1.28710391543288,1.91907091341564,-1.88470575631651,2.63385099105624,0.752447587579127,1.31391388141118,4.07447600571263,2.05258864979861,1.23487220191065,3.19922678028009,2.87846971467883,3.49949703045593,0.110000000000014,3.47943880004293,5.48717948717949,0.0,-1.21912201456978,-0.609647103380141,2.74599542334096,0.68755058264442
2019,6.43874503276439,2.20842927714881,9.44738518613097,4.61362809749708,8.3640856990789,0.899999999999949,5.55209307156956,0.25993557687633,2.89097476137077,6.5077747939152,1.22077782360842,3.18685539245533,-0.40185510068001,4.0178979343828,-1.72309699839232,1.9084319253883,2.58382533018855,0.634367533828438,-2.00086100285785,3.10306788630359,6.11852566118505,7.88191515117722,3.87143694070356,6.65705543110467,2.49763692943365,5.95050075367413,1.34505874082728,-0.402169200910933,4.41318742129586,2.11455779628278,4.86422573511891,3.92326384963494,4.75020793899014,3.78885036478003,3.19950386231294,1.14198232505277,1.12377787436797,1.86117794293874,1.7114009439059,2.54964785253048,-1.12863801728058,1.75124077866225,-6.91492472851026,5.51379057540518,0.752447587579127,1.10834813893099,3.78514145224655,2.05287774418655,0.688240959581748,1.09773374954092,2.17154505737176,2.36196217785604,0.199999999999847,3.26425930432951,10.4521147301896,4.08163265306123,8.48673659193109,4.45185891688691,1.74856655451832,-0.208437487640992
2020,2.95130642218098,-1.79425308274458,-3.37368746369782,1.3420737726679,6.05953088643369,-4.99999999999997,3.55016483786838,-6.1689177146757,-7.17820744246774,0.513941670628171,-3.2767587964736,-7.18591413760859,-0.819785390971916,-1.78555194467604,-3.30550546965893,-5.03823344128351,-2.16302913866514,-6.14347479224092,-9.9004848136464,-17.8212299695008,-9.5182947406494,3.44801755122445,-5.77772470686801,-2.3696206292072,-1.27408744338709,2.23863835634639,-3.86979893430043,-4.14711889947692,-5.45684658426701,-6.05003846851622,-4.48704604765308,-3.67438440910189,-0.950023991851594,-3.21573743445016,-3.7528179386597,-2.14173720650054,-1.2781717845226,-6.94045309489034,-1.7801059882175,-2.00533750353763,-3.37972052697999,-1.10275188309046,-21.3998996914321,-12.0367930931001,0.752447587579127,-4.95705243652739,-1.46460564253812,-5.9113629524152,-3.55760399909477,-3.58153486307663,-0.119590735829973,-0.424906457573115,-5.99942585620028,-0.562016449352072,-2.77288732394366,-1.9607843137255,1.98181949377276,-3.10844401053139,-3.3811475409836,1.78339492959161
2021,3.53658034070898,3.64718654072446,10.8579677614975,6.54400109964304,5.64153071734657,3.79999999999995,3.29064601202211,4.95503259440756,8.15473889823681,5.07646643533542,4.76260437908608,10.8011981904878,4.01673731780312,8.03326771516488,-1.79823988931486,5.28695689105889,6.05505293304576,11.3339570691911,10.4418119882506,16.4671249191559,5.71473313426225,6.93867912442445,9.68959249192875,4.838149614115,6.51388575852702,8.44846941687277,9.69076687082064,2.55932023865617,3.31534954399166,1.56818176501186,7.06122060972912,5.5457096259051,7.94905650472278,7.78061481406978,3.44562065700251,5.39188804141473,3.90868677689417,5.25420975317854,7.38206628977555,5.9375085730744,2.5821749892893,3.65564191030398,-7.00123862514116,1.5021807095434,0.752447587579127,4.35475529921305,9.34390774596847,4.35004091668986,1.62684672468288,5.07511034987979,2.11116814768786,4.54624763852878,-13.7938879740177,8.52266121721455,1.22227252150293,2.8,7.20659466591439,-7.07883094291508,2.56434975416948,0.362601971842835
2022,4.58802192181773,3.25168140827093,8.15773308481241,3.82586363675534,5.32117628383672,3.59999999999998,6.58784560886967,1.91147996033504,1.52720357976111,3.81750462109567,3.01669435393015,7.2888838865514,0.176038366132886,4.20015588892568,-1.68198396897978,3.81986633913397,2.51237531983308,2.05874008095333,5.26987967384072,10.769665870619,7.58098212785563,7.09982877575158,6.9870393257555,5.63131455871746,4.7781068690358,2.95066992959268,3.83807678519807,0.954736937781391,8.86182187578046,2.46276934050356,4.58340767295068,3.96530766311717,2.63098644408841,4.03877758301681,-28.7585842132117,2.56832817834069,3.00563516076298,8.9925076126915,1.54017310709567,1.45928850757269,9.5771061309605,2.64743616429071,-0.621678970663112,7.63981140218355,0.752447587579127,7.50969703221836,6.47037150232485,5.98130282177125,4.18500971344966,7.48598429134137,4.24238555336139,2.7748426484212,-1.31844903330447,3.90535280738948,-1.11806797853311,-0.778210116731515,3.02263627499464,-5.30629089966979,2.40248143622522,-2.30986002720401
2023,5.33697295511469,2.86021499108364,8.24128769450616,4.58406140454957,6.49813464238613,4.10000000000004,3.75870055176806,0.698485194788034,3.40334130078834,2.94478583082221,2.90848048667777,0.610409565791542,4.71412407945468,3.52679214166824,-1.86388420254838,1.24892730403391,2.88755600906016,0.218780666901552,-1.61100162090189,7.39930155626219,5.54585117087767,5.77511237007889,8.1529363109041,1.95254463264347,-0.0396925228069165,5.24955786387791,1.07503175095101,1.67901952310368,3.55548715410509,1.88725725050934,-0.907685956140242,2.40427177912809,3.84747112784942,1.88681483907177,5.32433537426355,0.716066868695833,0.479647246011822,5.03717943960838,2.49518433148894,-0.310670184725893,1.3104401130721,2.67827153754409,-0.621678970663112,-2.93555773971221,0.752447587579127,3.61870653547174,2.42300691049012,2.9807927665851,1.18715991184813,-0.754914810584665,3.44199220009025,0.733302171674978,1.87706979817723,4.12459054312031,-3.93487109905021,0.784313725490193,0.590699675931191,8.58409121817338,3.07976981501386,-2.30986002720401
